timestamp,open,high,low,close,volume,trade_count,vwap,symbol
2021-04-12 04:00:00+00:00,168.69,169.81,167.69,168.33,1289382,12627,168.490242,ZBH
2021-04-13 04:00:00+00:00,167.49,169.14,167.18,168.47,876859,11954,168.092535,ZBH
2021-04-14 04:00:00+00:00,168.91,170.525,168.06,168.31,892191,16969,169.249714,ZBH
2021-04-15 04:00:00+00:00,168.6,172.34,168.6,171.76,933507,12861,171.605692,ZBH
2021-04-16 04:00:00+00:00,172.74,173.22,170.38,171.88,711084,10832,171.63212,ZBH
2021-04-19 04:00:00+00:00,171.92,173.025,170.08,172.53,1091216,12721,172.028744,ZBH
2021-04-20 04:00:00+00:00,172.53,175.18,172.22,173.81,1161449,18748,173.572103,ZBH
2021-04-21 04:00:00+00:00,174.04,177.45,173.37,176.65,1086674,15114,176.363933,ZBH
2021-04-22 04:00:00+00:00,176.58,179.19,175.46,177.38,1007166,13446,177.595082,ZBH
2021-04-23 04:00:00+00:00,177.02,178.87,176.49,177.62,908031,12829,177.838977,ZBH
2021-04-26 04:00:00+00:00,178.21,178.21,175.47,175.72,819609,11844,176.505119,ZBH
2021-04-27 04:00:00+00:00,175.83,177.75,174.56,176.35,811995,11251,176.788277,ZBH
2021-04-28 04:00:00+00:00,176.64,178.64,175.82,178.5,974844,13693,177.583273,ZBH
2021-04-29 04:00:00+00:00,179.25,180.36,177.06,178.61,886321,14992,178.505244,ZBH
2021-04-30 04:00:00+00:00,178.09,178.45,176.08,177.16,1287292,17947,176.988999,ZBH
2021-05-03 04:00:00+00:00,178.5,178.76,176.98,177.94,1288025,20055,177.726896,ZBH
2021-05-04 04:00:00+00:00,160.29,176.06,170.12,172.93,1732452,24093,172.537891,ZBH
2021-05-05 04:00:00+00:00,173.73,174.77,171.03,173.55,995001,16680,173.161551,ZBH
2021-05-06 04:00:00+00:00,173.04,173.69,169.75,173.23,748712,11965,172.261779,ZBH
2021-05-07 04:00:00+00:00,173.03,174.84,172.31,172.49,989355,13998,173.316731,ZBH
2021-05-10 04:00:00+00:00,172.66,173.18,171.24,171.95,1157129,20288,172.296117,ZBH
2021-05-11 04:00:00+00:00,171.71,171.84,167.07,167.55,1402962,20779,168.324596,ZBH
2021-05-12 04:00:00+00:00,166.08,166.98,163.65,163.77,1425588,21209,164.847409,ZBH
2021-05-13 04:00:00+00:00,164.07,166.42,164.07,165.63,1117995,15521,165.481925,ZBH
2021-05-14 04:00:00+00:00,166.16,168.49,165.25,167.27,563648,10996,167.530432,ZBH
2021-05-17 04:00:00+00:00,166.84,167.35,165.49,165.81,598734,11292,166.244428,ZBH
2021-05-18 04:00:00+00:00,165.77,167.74,165.74,166.54,862741,14414,167.064099,ZBH
2021-05-19 04:00:00+00:00,165.05,165.88,163.81,165.76,738453,12594,165.244744,ZBH
2021-05-20 04:00:00+00:00,165.82,167.66,165.42,166.93,767960,12764,166.874454,ZBH
2021-05-21 04:00:00+00:00,168.0,169.51,167.13,167.32,824417,14433,168.008491,ZBH
2021-05-24 04:00:00+00:00,168.62,169.04,167.61,167.86,783540,12169,168.027595,ZBH
2021-05-25 04:00:00+00:00,168.78,169.51,167.42,167.76,633627,11495,168.097818,ZBH
2021-05-26 04:00:00+00:00,166.68,167.13,163.075,164.18,1383491,20454,164.270935,ZBH
2021-05-27 04:00:00+00:00,165.0,167.925,164.52,167.63,1839514,19099,166.666163,ZBH
2021-05-28 04:00:00+00:00,168.94,169.52,167.78,168.33,1366969,15655,168.418519,ZBH
2021-06-01 04:00:00+00:00,169.47,169.98,165.99,166.22,914973,14368,166.983933,ZBH
2021-06-02 04:00:00+00:00,166.1,166.2,160.29,161.06,1920047,26364,161.818382,ZBH
2021-06-03 04:00:00+00:00,160.38,160.85,157.9,159.94,1992247,26444,159.456279,ZBH
2021-06-04 04:00:00+00:00,160.77,160.77,158.96,159.13,2068632,25712,159.557643,ZBH
2021-06-07 04:00:00+00:00,159.97,160.0,157.4,157.9,1783377,22458,158.288354,ZBH
2021-06-08 04:00:00+00:00,158.88,158.91,155.73,157.54,1062476,17371,157.303956,ZBH
2021-06-09 04:00:00+00:00,157.72,158.6794,157.275,158.22,785485,12851,158.155056,ZBH
2021-06-10 04:00:00+00:00,158.55,159.8699,158.5,159.26,853077,15622,159.266283,ZBH
2021-06-11 04:00:00+00:00,159.12,159.285,157.38,158.28,1110641,16114,158.082127,ZBH
2021-06-14 04:00:00+00:00,158.21,158.72,156.69,157.55,1265847,18240,157.385187,ZBH
2021-06-15 04:00:00+00:00,157.84,159.24,157.0932,158.34,1376390,17827,158.210885,ZBH
2021-06-16 04:00:00+00:00,158.61,159.22,156.48,158.03,1418552,19545,158.083831,ZBH
2021-06-17 04:00:00+00:00,157.71,160.91,157.71,160.39,1353973,18372,159.915876,ZBH
2021-06-18 04:00:00+00:00,159.38,160.04,158.0,158.51,2243800,20496,158.862982,ZBH
2021-06-21 04:00:00+00:00,159.44,164.07,158.77,163.48,1575655,22358,162.907892,ZBH
2021-06-22 04:00:00+00:00,163.8,167.15,162.78,166.38,2077426,25121,165.958935,ZBH
2021-06-23 04:00:00+00:00,166.38,166.715,164.46,164.47,1185698,15796,165.575435,ZBH
2021-06-24 04:00:00+00:00,165.4,165.4,163.6,164.39,1088602,16448,164.515401,ZBH
2021-06-25 04:00:00+00:00,164.53,167.59,164.53,165.85,1069976,14005,166.243402,ZBH
2021-06-28 04:00:00+00:00,166.1,166.1,161.9,163.7,1652749,20407,163.482781,ZBH
2021-06-29 04:00:00+00:00,163.71,164.05,161.0,161.18,1100266,18427,161.77715,ZBH
2021-06-30 04:00:00+00:00,160.64,161.81,160.04,160.82,1240104,18385,160.835108,ZBH
2021-07-01 04:00:00+00:00,161.5,163.17,160.71,163.14,1133593,18096,162.564437,ZBH
2021-07-02 04:00:00+00:00,162.98,163.835,162.1,163.52,892015,15632,163.153789,ZBH
2021-07-06 04:00:00+00:00,162.85,163.46,161.95,162.78,1216035,15495,162.70138,ZBH
2021-07-07 04:00:00+00:00,163.18,163.58,160.36,161.1,1481764,21717,160.994851,ZBH
2021-07-08 04:00:00+00:00,159.48,160.225,157.96,159.26,1056419,17362,159.221465,ZBH
2021-07-09 04:00:00+00:00,159.25,160.18,158.3,159.31,720880,13330,159.223763,ZBH
2021-07-12 04:00:00+00:00,158.75,160.39,158.02,159.76,750973,13647,159.590182,ZBH
2021-07-13 04:00:00+00:00,159.49,160.2,156.65,157.04,907859,14100,157.339522,ZBH
2021-07-14 04:00:00+00:00,157.45,157.7299,155.22,155.58,1133664,15762,155.822569,ZBH
2021-07-15 04:00:00+00:00,154.69,155.33,152.48,153.1,1477163,20122,153.087609,ZBH
2021-07-16 04:00:00+00:00,153.46,153.93,151.09,153.4,2022456,23642,152.983698,ZBH
2021-07-19 04:00:00+00:00,151.44,151.93,149.34,150.17,1386084,18445,150.315237,ZBH
2021-07-20 04:00:00+00:00,150.26,156.02,150.26,155.63,1734444,20964,154.803894,ZBH
2021-07-21 04:00:00+00:00,157.52,159.84,156.29,159.57,1748122,23038,158.636858,ZBH
2021-07-22 04:00:00+00:00,159.98,159.98,156.84,158.66,859685,12446,158.384772,ZBH
2021-07-23 04:00:00+00:00,159.65,160.78,159.12,159.97,790209,13473,160.093818,ZBH
2021-07-26 04:00:00+00:00,159.16,160.1,157.98,159.65,566737,11231,159.281615,ZBH
2021-07-27 04:00:00+00:00,159.08,163.27,158.53,162.84,950103,15331,162.465178,ZBH
2021-07-28 04:00:00+00:00,163.33,163.59,161.9025,162.56,879347,12961,162.688383,ZBH
2021-07-29 04:00:00+00:00,163.29,163.5,160.705,162.74,901088,14391,162.42406,ZBH
2021-07-30 04:00:00+00:00,162.79,164.98,162.41,163.42,1118638,14544,163.873352,ZBH
2021-08-02 04:00:00+00:00,164.08,165.395,162.78,163.01,1666264,20283,163.719972,ZBH
2021-08-03 04:00:00+00:00,153.42,155.095,150.04,153.71,4328288,51520,153.269863,ZBH
2021-08-04 04:00:00+00:00,152.75,153.5,147.45,148.23,2384881,30458,148.708199,ZBH
2021-08-05 04:00:00+00:00,148.21,150.26,147.29,150.17,1733544,22953,148.974458,ZBH
2021-08-06 04:00:00+00:00,150.3,150.625,147.5,149.0,1604984,17921,148.568206,ZBH
2021-08-09 04:00:00+00:00,149.0,149.1,146.76,147.44,1715012,16933,147.982777,ZBH
2021-08-10 04:00:00+00:00,147.2,147.215,143.66,145.77,3041166,24473,145.526427,ZBH
2021-08-11 04:00:00+00:00,146.83,146.87,145.57,145.7,1327888,16483,146.059806,ZBH
2021-08-12 04:00:00+00:00,145.44,147.02,145.33,146.41,2156394,23554,146.313334,ZBH
2021-08-13 04:00:00+00:00,146.0,146.76,144.96,146.09,1456693,17220,145.881367,ZBH
2021-08-16 04:00:00+00:00,145.96,147.07,144.46,146.57,1773935,16571,146.418095,ZBH
2021-08-17 04:00:00+00:00,146.07,148.18,144.55,147.86,1991651,20344,147.440425,ZBH
2021-08-18 04:00:00+00:00,148.06,148.32,144.33,144.38,1295254,20557,145.449571,ZBH
2021-08-19 04:00:00+00:00,142.86,144.83,142.86,144.12,1162420,17900,143.934485,ZBH
2021-08-20 04:00:00+00:00,143.86,146.15,143.17,145.46,1017580,14704,145.309276,ZBH
2021-08-23 04:00:00+00:00,146.05,146.45,144.12,145.34,1095838,16193,145.340493,ZBH
2021-08-24 04:00:00+00:00,145.24,149.355,145.24,148.74,2368770,21940,148.427716,ZBH
2021-08-25 04:00:00+00:00,149.0,151.72,148.33,150.39,1664385,20741,150.291952,ZBH
2021-08-26 04:00:00+00:00,149.85,150.96,149.01,149.59,1092359,15420,149.955203,ZBH
2021-08-27 04:00:00+00:00,149.93,151.0299,149.23,150.07,1080868,13760,150.207431,ZBH
2021-08-30 04:00:00+00:00,150.24,151.01,149.41,149.78,894374,13619,150.138063,ZBH
2021-08-31 04:00:00+00:00,150.12,150.93,149.77,150.45,1185030,15798,150.420765,ZBH
2021-09-01 04:00:00+00:00,150.76,151.14,149.555,150.87,882958,14155,150.802577,ZBH
2021-09-02 04:00:00+00:00,151.45,152.34,148.53,149.09,1308283,19136,149.91874,ZBH
2021-09-03 04:00:00+00:00,148.88,149.28,146.01,146.74,2740279,28955,146.88817,ZBH
2021-09-07 04:00:00+00:00,146.34,147.3,144.9,146.62,1504978,21751,146.348634,ZBH
2021-09-08 04:00:00+00:00,146.3,148.33,145.3,147.48,1314560,18577,147.290962,ZBH
2021-09-09 04:00:00+00:00,147.37,149.64,144.27,144.34,1336906,20888,145.99327,ZBH
2021-09-10 04:00:00+00:00,144.44,144.76,140.36,140.44,1309909,22049,141.604641,ZBH
2021-09-13 04:00:00+00:00,140.89,142.52,140.5,141.0,1503428,25953,141.151119,ZBH
2021-09-14 04:00:00+00:00,141.03,150.1,139.31,147.68,4130207,50718,146.71503,ZBH
2021-09-15 04:00:00+00:00,147.73,148.25,144.79,146.01,1955602,25881,146.264169,ZBH
2021-09-16 04:00:00+00:00,146.71,147.94,145.42,146.23,1421390,20034,146.247883,ZBH
2021-09-17 04:00:00+00:00,145.51,146.93,144.35,146.72,1820241,18715,146.214122,ZBH
2021-09-20 04:00:00+00:00,145.04,145.87,142.335,144.05,1200043,17490,144.016944,ZBH
2021-09-21 04:00:00+00:00,145.55,145.84,142.73,142.76,1458165,16604,143.434019,ZBH
2021-09-22 04:00:00+00:00,143.77,146.97,143.17,145.7,1046869,17323,145.622152,ZBH
2021-09-23 04:00:00+00:00,145.94,151.65,145.535,150.4,2226891,30180,149.998635,ZBH
2021-09-24 04:00:00+00:00,150.39,151.725,149.185,151.23,1654939,22889,151.162212,ZBH
2021-09-27 04:00:00+00:00,150.62,153.76,150.35,151.54,1576925,23373,151.678923,ZBH
2021-09-28 04:00:00+00:00,151.04,152.4,150.03,150.85,1613790,24107,151.137534,ZBH
2021-09-29 04:00:00+00:00,150.47,151.13,148.821,149.36,907180,16073,149.512853,ZBH
2021-09-30 04:00:00+00:00,149.89,150.43,146.31,146.36,972283,17433,147.484351,ZBH
2021-10-01 04:00:00+00:00,147.49,150.1284,147.01,149.47,1380521,22780,148.965224,ZBH
2021-10-04 04:00:00+00:00,148.81,150.03,145.21,146.73,1122196,19588,146.732321,ZBH
2021-10-05 04:00:00+00:00,146.78,149.01,145.92,146.01,1153513,18052,147.157646,ZBH
2021-10-06 04:00:00+00:00,144.44,146.61,142.68,146.34,1084230,19083,145.110112,ZBH
2021-10-07 04:00:00+00:00,147.43,149.87,146.9609,147.74,988752,16319,148.271369,ZBH
2021-10-08 04:00:00+00:00,147.65,148.14,146.4,146.65,495117,9154,147.068285,ZBH
2021-10-11 04:00:00+00:00,146.37,148.02,143.76,143.79,787220,14470,144.99629,ZBH
2021-10-12 04:00:00+00:00,143.81,144.43,142.3,142.81,765849,12444,143.262526,ZBH
2021-10-13 04:00:00+00:00,142.84,143.1268,141.47,142.77,871498,14177,142.492608,ZBH
2021-10-14 04:00:00+00:00,144.07,145.9,143.86,145.63,795712,12824,145.360368,ZBH
2021-10-15 04:00:00+00:00,146.85,147.19,145.77,146.36,875270,11281,146.354145,ZBH
2021-10-18 04:00:00+00:00,145.08,145.77,142.93,144.97,1008013,15156,144.949766,ZBH
2021-10-19 04:00:00+00:00,143.86,149.815,143.5,148.92,1009336,15682,148.443522,ZBH
2021-10-20 04:00:00+00:00,150.0,151.26,148.11,150.13,1087113,15699,150.147739,ZBH
2021-10-21 04:00:00+00:00,150.14,151.73,149.65,150.81,731963,13195,150.772571,ZBH
2021-10-22 04:00:00+00:00,150.75,151.545,149.92,150.42,313135,7288,150.504751,ZBH
2021-10-25 04:00:00+00:00,150.37,151.85,149.27,151.03,818655,12834,151.149659,ZBH
2021-10-26 04:00:00+00:00,151.54,151.54,149.78,149.83,454861,10470,150.378257,ZBH
2021-10-27 04:00:00+00:00,149.98,149.98,146.27,146.31,650719,14018,147.211433,ZBH
2021-10-28 04:00:00+00:00,146.09,147.0,144.93,145.52,918467,14879,145.65124,ZBH
2021-10-29 04:00:00+00:00,143.01,143.49,139.24,143.12,1617509,23750,142.228991,ZBH
2021-11-01 04:00:00+00:00,143.54,147.18,143.13,145.79,1134607,18058,146.150725,ZBH
2021-11-02 04:00:00+00:00,145.89,146.725,144.51,145.67,883910,11992,145.782231,ZBH
2021-11-03 04:00:00+00:00,145.21,148.74,145.21,148.74,1407962,22370,147.294009,ZBH
2021-11-04 04:00:00+00:00,144.77,146.0,136.69,137.75,3648196,45522,140.153217,ZBH
2021-11-05 04:00:00+00:00,142.58,146.09,139.87,141.66,2976802,35734,142.901027,ZBH
2021-11-08 05:00:00+00:00,141.41,141.99,137.02,137.58,2751649,30655,138.035353,ZBH
2021-11-09 05:00:00+00:00,136.98,138.385,133.79,134.38,4091642,49657,134.698139,ZBH
2021-11-10 05:00:00+00:00,134.0,136.03,133.43,133.87,1313720,20522,134.429534,ZBH
2021-11-11 05:00:00+00:00,133.32,134.19,130.26,132.69,1598371,25501,131.843796,ZBH
2021-11-12 05:00:00+00:00,133.2,133.36,131.43,132.38,1616945,19667,132.42357,ZBH
2021-11-15 05:00:00+00:00,132.46,132.93,130.15,131.13,1456406,20364,131.415372,ZBH
2021-11-16 05:00:00+00:00,130.71,133.43,129.94,131.76,1615103,23394,132.11834,ZBH
2021-11-17 05:00:00+00:00,131.13,132.64,130.09,131.08,1320061,17286,131.597087,ZBH
2021-11-18 05:00:00+00:00,131.38,131.71,128.88,128.89,1310234,17449,129.464231,ZBH
2021-11-19 05:00:00+00:00,128.88,129.78,127.13,128.81,1913120,22955,128.589726,ZBH
2021-11-22 05:00:00+00:00,129.0,132.17,128.57,130.22,1355322,20079,130.629452,ZBH
2021-11-23 05:00:00+00:00,127.54,130.86,127.54,130.48,1537045,22603,130.120473,ZBH
2021-11-24 05:00:00+00:00,129.88,131.6806,129.85,130.27,1184101,19387,130.716812,ZBH
2021-11-26 05:00:00+00:00,127.14,128.69,124.83,125.62,1362499,14895,125.86104,ZBH
2021-11-29 05:00:00+00:00,126.77,126.8699,123.43,123.5,1427493,20625,124.220564,ZBH
2021-11-30 05:00:00+00:00,122.51,123.41,119.55,119.6,2438645,29658,120.354347,ZBH
2021-12-01 05:00:00+00:00,121.21,125.24,119.77,119.79,2002843,27376,122.204575,ZBH
2021-12-02 05:00:00+00:00,120.38,123.38,120.3,122.93,1393382,19540,122.440632,ZBH
2021-12-03 05:00:00+00:00,123.43,123.9131,120.04,121.22,1737039,25233,121.189879,ZBH
2021-12-06 05:00:00+00:00,123.3,126.93,122.688,125.49,2255191,27427,125.764298,ZBH
2021-12-07 05:00:00+00:00,127.69,130.33,127.4501,128.43,1804104,25625,128.982046,ZBH
2021-12-08 05:00:00+00:00,128.48,130.245,128.11,128.96,1287527,18625,129.399499,ZBH
2021-12-09 05:00:00+00:00,126.98,128.38,125.18,125.44,2419842,29615,126.257294,ZBH
2021-12-10 05:00:00+00:00,126.84,126.84,122.77,124.49,1640692,23831,124.376851,ZBH
2021-12-13 05:00:00+00:00,124.49,126.98,124.49,125.46,1574516,21163,125.605696,ZBH
2021-12-14 05:00:00+00:00,124.94,126.37,123.09,123.28,1288106,18496,124.233724,ZBH
2021-12-15 05:00:00+00:00,122.67,123.41,118.27,120.68,3149519,33206,120.433152,ZBH
2021-12-16 05:00:00+00:00,121.36,123.45,119.5,120.47,3238372,33103,120.75726,ZBH
2021-12-17 05:00:00+00:00,120.0,123.23,118.65,120.85,4069619,25940,120.933615,ZBH
2021-12-20 05:00:00+00:00,119.15,119.9535,116.6,118.89,2481682,28473,118.859844,ZBH
2021-12-21 05:00:00+00:00,120.15,123.5,119.5,122.46,1850706,18614,122.505803,ZBH
2021-12-22 05:00:00+00:00,122.07,124.73,121.43,124.73,989899,15020,123.64895,ZBH
2021-12-23 05:00:00+00:00,125.65,127.07,124.89,126.99,1396662,16942,126.434263,ZBH
2021-12-27 05:00:00+00:00,126.99,127.88,125.32,127.81,1172119,20667,127.004992,ZBH
2021-12-28 05:00:00+00:00,127.71,129.38,127.55,128.21,1462096,13548,128.291203,ZBH
2021-12-29 05:00:00+00:00,128.08,129.39,127.74,128.23,2435429,18394,128.357286,ZBH
2021-12-30 05:00:00+00:00,128.37,129.4,128.07,128.27,1266841,17676,128.544454,ZBH
2021-12-31 05:00:00+00:00,127.96,129.055,127.0,127.04,913529,13680,127.466649,ZBH
2022-01-03 05:00:00+00:00,127.35,129.94,126.615,129.13,1149975,16739,129.034551,ZBH
2022-01-04 05:00:00+00:00,128.9,131.775,128.25,130.44,1359841,20355,130.395633,ZBH
2022-01-05 05:00:00+00:00,131.1,133.59,129.92,130.01,1833108,24733,131.096112,ZBH
2022-01-06 05:00:00+00:00,130.89,132.36,128.68,128.93,1054482,17679,129.827573,ZBH
2022-01-07 05:00:00+00:00,127.2,129.46,127.03,128.15,1639635,19009,128.371407,ZBH
2022-01-10 05:00:00+00:00,127.34,127.89,125.5,126.9,1878552,23254,126.687801,ZBH
2022-01-11 05:00:00+00:00,127.57,129.0853,126.67,128.38,1444667,22413,128.143806,ZBH
2022-01-12 05:00:00+00:00,128.06,128.57,124.02,125.58,1845487,27521,125.656972,ZBH
2022-01-13 05:00:00+00:00,126.18,129.525,126.06,128.07,1805025,25490,128.159937,ZBH
2022-01-14 05:00:00+00:00,126.85,127.86,124.76,127.38,1403599,21019,126.462006,ZBH
2022-01-18 05:00:00+00:00,126.85,127.23,124.93,126.35,2119785,28380,126.42009,ZBH
2022-01-19 05:00:00+00:00,123.39,126.15,123.18,123.27,1741750,25026,124.101707,ZBH
2022-01-20 05:00:00+00:00,122.73,126.9999,122.73,123.04,1678765,26004,124.70307,ZBH
2022-01-21 05:00:00+00:00,123.25,124.29,121.165,122.54,2963008,29597,122.575384,ZBH
2022-01-24 05:00:00+00:00,120.19,123.7,118.34,123.65,2000492,32200,120.873834,ZBH
2022-01-25 05:00:00+00:00,121.36,122.94,118.96,120.95,2341204,32289,121.45103,ZBH
2022-01-26 05:00:00+00:00,121.47,123.15,119.53,120.49,2793232,34930,121.488916,ZBH
2022-01-27 05:00:00+00:00,121.78,122.55,120.36,121.24,1871638,25364,121.29249,ZBH
2022-01-28 05:00:00+00:00,121.48,121.8,117.8815,120.89,2244984,29928,119.586533,ZBH
2022-01-31 05:00:00+00:00,120.0,123.12,119.44,123.02,1440718,21043,122.040636,ZBH
2022-02-01 05:00:00+00:00,123.17,124.22,122.3,123.99,1031981,18224,123.597789,ZBH
2022-02-02 05:00:00+00:00,121.23,122.625,119.3057,121.71,2458194,31993,121.522062,ZBH
2022-02-03 05:00:00+00:00,121.7,122.41,120.435,121.27,1868745,25415,121.158958,ZBH
2022-02-04 05:00:00+00:00,121.0,123.78,120.51,122.83,1750438,25281,122.168639,ZBH
2022-02-07 05:00:00+00:00,114.3,118.89,111.53,111.67,6288357,72943,114.032013,ZBH
2022-02-08 05:00:00+00:00,108.79,120.32,108.47,119.88,4519547,51876,117.809922,ZBH
2022-02-09 05:00:00+00:00,120.33,122.2,119.76,120.05,2116597,28798,120.700015,ZBH
2022-02-10 05:00:00+00:00,119.05,121.2,118.3,118.77,2355851,30628,119.621932,ZBH
2022-02-11 05:00:00+00:00,119.38,120.47,116.05,116.21,1762918,26501,117.126799,ZBH
2022-02-14 05:00:00+00:00,116.59,117.96,115.57,116.99,1053285,16638,117.083787,ZBH
2022-02-15 05:00:00+00:00,118.73,122.28,118.395,122.14,1515439,23463,121.355949,ZBH
2022-02-16 05:00:00+00:00,121.44,122.68,119.645,122.5,1684492,21134,121.423993,ZBH
2022-02-17 05:00:00+00:00,121.18,121.93,119.49,119.97,1244827,17893,120.505475,ZBH
2022-02-18 05:00:00+00:00,119.84,121.785,119.84,121.02,1162108,20929,120.85573,ZBH
2022-02-22 05:00:00+00:00,121.56,124.35,121.0,122.97,2001671,27636,122.848432,ZBH
2022-02-23 05:00:00+00:00,123.49,124.42,121.89,122.58,1369024,21999,122.668467,ZBH
2022-02-24 05:00:00+00:00,120.63,123.58,119.815,123.48,1427758,24093,121.857099,ZBH
2022-02-25 05:00:00+00:00,124.18,126.81,122.56,126.7,1518071,27629,125.66924,ZBH
2022-02-28 05:00:00+00:00,125.22,127.405,124.96,127.19,2266926,29634,126.662474,ZBH
2022-03-01 05:00:00+00:00,124.77,126.46,121.08,124.14,6915229,50494,123.862501,ZBH
2022-03-02 05:00:00+00:00,122.54,124.3,121.86,122.69,1978467,29684,122.953037,ZBH
2022-03-03 05:00:00+00:00,123.92,123.94,121.31,122.13,1435941,21032,122.173125,ZBH
2022-03-04 05:00:00+00:00,120.59,121.16,119.05,120.44,1301248,21087,120.105722,ZBH
2022-03-07 05:00:00+00:00,120.28,120.28,115.72,116.68,1593589,24056,117.246075,ZBH
2022-03-08 05:00:00+00:00,115.91,117.96,114.27,115.75,1629519,24559,116.174697,ZBH
2022-03-09 05:00:00+00:00,117.97,118.96,117.07,117.64,1153562,17701,117.841827,ZBH
2022-03-10 05:00:00+00:00,116.76,119.42,115.83,119.34,1395357,19590,118.545566,ZBH
2022-03-11 05:00:00+00:00,120.27,121.26,118.18,118.82,1991731,22873,119.036916,ZBH
2022-03-14 04:00:00+00:00,119.82,120.68,117.05,117.69,1323221,21561,118.420798,ZBH
2022-03-15 04:00:00+00:00,119.31,120.17,118.01,119.2,1234886,18840,119.157116,ZBH
2022-03-16 04:00:00+00:00,120.0,122.3,119.34,121.99,1534975,19144,121.223801,ZBH
2022-03-17 04:00:00+00:00,120.98,122.625,120.17,122.28,1798103,22361,121.983611,ZBH
2022-03-18 04:00:00+00:00,122.36,122.82,119.7,120.77,2912095,30691,120.805303,ZBH
2022-03-21 04:00:00+00:00,120.73,121.295,120.06,121.04,1409209,20302,120.685268,ZBH
2022-03-22 04:00:00+00:00,121.26,121.725,119.935,120.48,1808866,19766,120.554562,ZBH
2022-03-23 04:00:00+00:00,119.79,121.68,117.86,120.74,2385036,33789,120.258012,ZBH
2022-03-24 04:00:00+00:00,121.3,125.89,121.16,124.15,2374751,31125,124.453871,ZBH
2022-03-25 04:00:00+00:00,124.61,125.34,123.82,125.28,1127981,17756,124.777219,ZBH
2022-03-28 04:00:00+00:00,125.4,126.04,123.33,125.68,1603337,22004,124.767068,ZBH
2022-03-29 04:00:00+00:00,126.84,129.6,126.84,129.58,1712192,27456,128.665743,ZBH
2022-03-30 04:00:00+00:00,129.05,129.9,127.95,128.69,1150178,21391,128.564051,ZBH
2022-03-31 04:00:00+00:00,128.42,129.805,127.84,127.9,1359373,19220,128.736596,ZBH
2022-04-01 04:00:00+00:00,126.75,128.54,125.88,127.73,1612112,23938,127.102927,ZBH
2022-04-04 04:00:00+00:00,126.93,127.275,124.66,125.86,1348559,19589,125.856927,ZBH
2022-04-05 04:00:00+00:00,125.43,129.3,125.43,129.13,2183228,29682,128.494497,ZBH
2022-04-06 04:00:00+00:00,128.39,128.59,125.775,127.85,2052815,24873,127.399351,ZBH
2022-04-07 04:00:00+00:00,127.32,129.93,126.95,129.91,1890600,22629,128.860563,ZBH
2022-04-08 04:00:00+00:00,129.93,130.66,129.09,129.62,1106403,16280,129.889233,ZBH
2022-04-11 04:00:00+00:00,129.1,130.02,126.46,126.9,840910,18838,127.683013,ZBH
2021-04-12 04:00:00+00:00,507.83,508.0,501.15,505.81,118108,6902,504.557754,ZBRA
2021-04-13 04:00:00+00:00,510.08,511.33,501.55,504.81,215981,4822,504.962264,ZBRA
2021-04-14 04:00:00+00:00,503.63,508.92,498.35,500.65,259903,8119,502.743901,ZBRA
2021-04-15 04:00:00+00:00,504.36,509.565,502.56,507.06,145170,6495,506.675249,ZBRA
2021-04-16 04:00:00+00:00,510.92,515.625,505.36,513.45,167033,7018,512.478917,ZBRA
2021-04-19 04:00:00+00:00,513.49,518.66,506.79,509.62,144309,6367,510.593357,ZBRA
2021-04-20 04:00:00+00:00,505.39,511.07,496.71,499.56,181697,6303,500.964504,ZBRA
2021-04-21 04:00:00+00:00,486.81,493.685,483.6938,491.63,316063,11442,488.90466,ZBRA
2021-04-22 04:00:00+00:00,496.03,496.03,485.75,487.35,324056,8924,489.11762,ZBRA
2021-04-23 04:00:00+00:00,491.62,498.05,490.01,497.41,320731,8077,494.903644,ZBRA
2021-04-26 04:00:00+00:00,498.4,503.05,497.47,498.5,216582,5554,499.103198,ZBRA
2021-04-27 04:00:00+00:00,498.6,502.82,494.48,501.75,137158,5306,500.419929,ZBRA
2021-04-28 04:00:00+00:00,497.9731,503.03,495.0,496.6,196524,6615,498.518568,ZBRA
2021-04-29 04:00:00+00:00,500.0,502.41,492.59,496.63,167025,6275,497.320087,ZBRA
2021-04-30 04:00:00+00:00,491.03,494.91,486.31,487.74,352730,9673,489.295175,ZBRA
2021-05-03 04:00:00+00:00,492.13,492.13,475.09,479.05,486713,11924,480.824741,ZBRA
2021-05-04 04:00:00+00:00,478.06,480.61,455.705,470.62,513588,14214,466.132304,ZBRA
2021-05-05 04:00:00+00:00,483.62,485.39,472.3572,482.42,444307,11714,481.110364,ZBRA
2021-05-06 04:00:00+00:00,475.32,478.0,462.995,471.12,463882,12375,469.286649,ZBRA
2021-05-07 04:00:00+00:00,471.41,489.98,469.61,488.58,330329,9277,485.651906,ZBRA
2021-05-10 04:00:00+00:00,486.79,489.41,480.45,484.04,342376,10760,485.657846,ZBRA
2021-05-11 04:00:00+00:00,473.73,487.29,466.6947,485.67,394653,11565,480.509073,ZBRA
2021-05-12 04:00:00+00:00,478.46,484.0,464.15,464.39,353812,9893,469.982895,ZBRA
2021-05-13 04:00:00+00:00,466.18,477.65,466.18,471.46,169830,7040,472.867757,ZBRA
2021-05-14 04:00:00+00:00,476.84,487.86,475.7258,486.72,216811,6548,484.026954,ZBRA
2021-05-17 04:00:00+00:00,482.83,486.2,478.0,482.01,186563,7471,480.724959,ZBRA
2021-05-18 04:00:00+00:00,486.17,487.96,477.18,477.55,198294,7884,482.210253,ZBRA
2021-05-19 04:00:00+00:00,468.81,484.73,468.81,484.72,203447,8171,480.188428,ZBRA
2021-05-20 04:00:00+00:00,484.99,495.87,482.37,493.88,228826,9018,492.057872,ZBRA
2021-05-21 04:00:00+00:00,496.64,501.75,493.84,494.33,237922,7637,496.5294,ZBRA
2021-05-24 04:00:00+00:00,498.38,503.89,498.0,501.62,246759,8452,501.476294,ZBRA
2021-05-25 04:00:00+00:00,504.0,508.33,500.42,501.92,261488,7981,503.627864,ZBRA
2021-05-26 04:00:00+00:00,504.02,506.57,499.7,501.33,267697,7695,501.76936,ZBRA
2021-05-27 04:00:00+00:00,501.06,507.84,497.35,498.1,810266,10960,499.438446,ZBRA
2021-05-28 04:00:00+00:00,498.97,501.84,495.15,497.05,219558,8608,498.635555,ZBRA
2021-06-01 04:00:00+00:00,502.07,507.05,500.31,502.92,226631,7882,503.295703,ZBRA
2021-06-02 04:00:00+00:00,501.87,506.04,499.72,504.77,237248,8881,503.684127,ZBRA
2021-06-03 04:00:00+00:00,503.99,509.24,500.155,506.04,209748,8153,505.09549,ZBRA
2021-06-04 04:00:00+00:00,509.94,517.0,506.98,516.57,286504,10292,513.494498,ZBRA
2021-06-07 04:00:00+00:00,516.5,517.94,503.96,506.18,224970,8680,509.771662,ZBRA
2021-06-08 04:00:00+00:00,505.4,508.63,501.875,505.57,245671,7706,504.969818,ZBRA
2021-06-09 04:00:00+00:00,508.06,508.18,502.1731,505.35,206341,7790,505.70702,ZBRA
2021-06-10 04:00:00+00:00,506.67,511.6,505.8,508.63,149777,6720,508.694625,ZBRA
2021-06-11 04:00:00+00:00,511.02,511.475,505.81,508.48,157662,6034,508.055322,ZBRA
2021-06-14 04:00:00+00:00,509.1,511.2809,505.49,509.92,208174,7624,508.093327,ZBRA
2021-06-15 04:00:00+00:00,509.92,509.92,504.32,506.1,184821,6439,506.905673,ZBRA
2021-06-16 04:00:00+00:00,506.87,513.09,504.4,506.7,195778,8165,508.249791,ZBRA
2021-06-17 04:00:00+00:00,506.61,509.31,499.01,502.09,188349,8385,502.966216,ZBRA
2021-06-18 04:00:00+00:00,499.25,500.4,484.34,493.43,485447,12097,492.363415,ZBRA
2021-06-21 04:00:00+00:00,494.39,504.5,492.6801,504.13,300852,8274,500.602773,ZBRA
2021-06-22 04:00:00+00:00,501.89,507.0,498.925,506.44,239220,8445,504.196631,ZBRA
2021-06-23 04:00:00+00:00,504.48,506.48,500.0,502.88,167557,6644,503.235495,ZBRA
2021-06-24 04:00:00+00:00,505.31,511.29,501.5,510.39,258066,8269,507.123567,ZBRA
2021-06-25 04:00:00+00:00,513.17,514.595,506.47,510.65,248882,5779,511.204316,ZBRA
2021-06-28 04:00:00+00:00,511.92,529.01,510.56,527.13,380180,12243,524.130345,ZBRA
2021-06-29 04:00:00+00:00,529.69,536.78,528.29,536.06,327756,11135,533.74134,ZBRA
2021-06-30 04:00:00+00:00,535.82,538.51,527.59,529.49,272835,10193,531.803789,ZBRA
2021-07-01 04:00:00+00:00,530.0,533.23,521.02,532.02,227500,8789,527.605463,ZBRA
2021-07-02 04:00:00+00:00,537.01,541.26,534.14,539.94,205222,8039,538.770985,ZBRA
2021-07-06 04:00:00+00:00,540.69,545.455,534.29,544.35,305842,10314,541.354745,ZBRA
2021-07-07 04:00:00+00:00,546.45,547.8,531.015,546.65,232111,10094,543.01928,ZBRA
2021-07-08 04:00:00+00:00,539.22,546.84,534.0,539.84,229078,9420,540.762495,ZBRA
2021-07-09 04:00:00+00:00,542.47,548.47,541.23,547.73,158263,6575,546.901933,ZBRA
2021-07-12 04:00:00+00:00,548.79,549.9821,539.04,548.1,211688,9069,545.242632,ZBRA
2021-07-13 04:00:00+00:00,546.36,546.36,531.94,533.62,229000,9931,535.680595,ZBRA
2021-07-14 04:00:00+00:00,537.74,539.48,528.4,530.14,188598,7368,532.624441,ZBRA
2021-07-15 04:00:00+00:00,528.86,531.92,517.911,522.62,245741,9511,523.602407,ZBRA
2021-07-16 04:00:00+00:00,523.7,525.47,517.91,518.33,162512,7373,520.97191,ZBRA
2021-07-19 04:00:00+00:00,509.59,514.45,502.6301,506.91,272721,10365,507.648468,ZBRA
2021-07-20 04:00:00+00:00,510.98,524.18,507.27,519.67,272755,9032,519.684902,ZBRA
2021-07-21 04:00:00+00:00,520.64,534.14,520.64,533.77,196546,7368,531.277967,ZBRA
2021-07-22 04:00:00+00:00,534.0,537.3713,530.01,536.22,153149,8872,534.776943,ZBRA
2021-07-23 04:00:00+00:00,540.64,548.94,538.21,548.61,163301,9648,544.903387,ZBRA
2021-07-26 04:00:00+00:00,550.0,553.66,539.43,545.31,162360,8545,545.179937,ZBRA
2021-07-27 04:00:00+00:00,543.26,544.08,529.211,540.18,233637,9831,536.204558,ZBRA
2021-07-28 04:00:00+00:00,539.5,547.4186,535.93,545.74,140272,5898,543.767875,ZBRA
2021-07-29 04:00:00+00:00,548.0,554.1,547.0,548.1,162472,8901,549.688615,ZBRA
2021-07-30 04:00:00+00:00,545.3,554.215,544.6,552.48,249420,9128,550.502803,ZBRA
2021-08-02 04:00:00+00:00,555.0,558.678,548.84,550.97,240398,9399,553.782031,ZBRA
2021-08-03 04:00:00+00:00,559.49,559.855,527.54,546.74,445869,13160,540.768397,ZBRA
2021-08-04 04:00:00+00:00,547.56,566.77,547.0,560.0,321583,11229,560.420999,ZBRA
2021-08-05 04:00:00+00:00,560.0,570.825,558.02,569.22,248282,8916,566.539067,ZBRA
2021-08-06 04:00:00+00:00,565.06,566.99,552.51,562.27,205590,8412,559.879256,ZBRA
2021-08-09 04:00:00+00:00,562.31,566.04,557.96,563.98,128391,6373,562.885922,ZBRA
2021-08-10 04:00:00+00:00,565.0,567.45,560.6,567.11,143846,7039,565.635973,ZBRA
2021-08-11 04:00:00+00:00,567.91,572.2052,564.09,569.54,129482,5246,569.221421,ZBRA
2021-08-12 04:00:00+00:00,568.97,570.4999,564.273,568.4,149143,5699,568.107212,ZBRA
2021-08-13 04:00:00+00:00,568.0,571.39,562.205,571.07,117280,5207,567.644933,ZBRA
2021-08-16 04:00:00+00:00,570.54,576.0,567.04,572.89,132894,6113,572.552187,ZBRA
2021-08-17 04:00:00+00:00,569.34,569.93,558.42,562.68,150054,7099,562.764923,ZBRA
2021-08-18 04:00:00+00:00,559.68,568.28,556.87,557.18,196980,6153,560.2769,ZBRA
2021-08-19 04:00:00+00:00,552.91,565.94,551.09,562.72,153178,5322,561.92317,ZBRA
2021-08-20 04:00:00+00:00,563.18,572.33,562.27,571.49,187796,6335,570.554839,ZBRA
2021-08-23 04:00:00+00:00,574.33,581.615,574.33,578.89,154443,6894,578.946406,ZBRA
2021-08-24 04:00:00+00:00,580.31,583.67,577.59,578.71,109665,5082,579.735939,ZBRA
2021-08-25 04:00:00+00:00,577.84,584.25,577.84,584.11,133897,5307,582.999278,ZBRA
2021-08-26 04:00:00+00:00,584.62,584.62,578.53,578.91,120954,5517,580.5391,ZBRA
2021-08-27 04:00:00+00:00,581.09,588.345,578.8,587.96,316758,8395,584.216374,ZBRA
2021-08-30 04:00:00+00:00,591.9,594.14,583.91,584.78,175010,8065,587.888441,ZBRA
2021-08-31 04:00:00+00:00,585.07,588.77,579.21,587.17,229911,7929,586.401204,ZBRA
2021-09-01 04:00:00+00:00,592.48,592.48,579.47,582.78,195075,9354,583.795996,ZBRA
2021-09-02 04:00:00+00:00,588.36,591.49,585.61,588.25,169885,8188,588.384681,ZBRA
2021-09-03 04:00:00+00:00,589.0,594.77,585.56,590.6,178641,7386,591.315875,ZBRA
2021-09-07 04:00:00+00:00,593.58,593.58,580.4,581.14,179786,8844,584.033506,ZBRA
2021-09-08 04:00:00+00:00,582.03,584.02,572.9,579.75,136344,7708,578.873896,ZBRA
2021-09-09 04:00:00+00:00,578.49,585.11,576.02,577.47,148835,6610,579.285133,ZBRA
2021-09-10 04:00:00+00:00,582.07,586.76,578.57,580.63,139938,7224,582.028708,ZBRA
2021-09-13 04:00:00+00:00,587.69,587.69,575.0001,579.9,182874,7835,580.574814,ZBRA
2021-09-14 04:00:00+00:00,579.67,582.91,573.5552,576.79,184081,7935,577.833686,ZBRA
2021-09-15 04:00:00+00:00,576.79,585.79,576.02,580.98,160120,6712,581.459197,ZBRA
2021-09-16 04:00:00+00:00,578.6,588.15,577.84,584.76,167072,6662,584.637036,ZBRA
2021-09-17 04:00:00+00:00,583.48,584.02,567.165,569.15,392882,9874,572.140606,ZBRA
2021-09-20 04:00:00+00:00,559.76,561.69,545.25,551.9,364086,14407,551.695659,ZBRA
2021-09-21 04:00:00+00:00,555.44,556.988,542.03,543.0,310450,9991,546.60715,ZBRA
2021-09-22 04:00:00+00:00,543.14,551.99,540.94,547.58,366533,11331,548.146639,ZBRA
2021-09-23 04:00:00+00:00,555.43,560.88,550.78,553.46,412041,13344,555.710019,ZBRA
2021-09-24 04:00:00+00:00,548.82,560.92,548.82,559.48,285611,8886,555.692307,ZBRA
2021-09-27 04:00:00+00:00,556.0,558.905,546.09,548.58,196231,7514,550.472189,ZBRA
2021-09-28 04:00:00+00:00,542.6,543.0,528.43,531.18,233158,11266,532.728242,ZBRA
2021-09-29 04:00:00+00:00,533.5,535.5,523.08,525.67,331253,10006,528.795545,ZBRA
2021-09-30 04:00:00+00:00,530.51,532.66,514.99,515.42,367266,11864,519.002967,ZBRA
2021-10-01 04:00:00+00:00,517.62,517.62,507.425,510.98,533989,15174,511.476348,ZBRA
2021-10-04 04:00:00+00:00,509.04,510.43,498.81,502.32,286376,11881,502.907397,ZBRA
2021-10-05 04:00:00+00:00,503.91,514.49,503.15,506.89,224669,9516,509.266877,ZBRA
2021-10-06 04:00:00+00:00,501.05,507.99,498.15,506.39,175204,9118,504.014335,ZBRA
2021-10-07 04:00:00+00:00,512.01,513.725,503.79,504.41,238695,9969,507.713092,ZBRA
2021-10-08 04:00:00+00:00,504.5,505.18,492.63,498.73,227562,8879,497.331713,ZBRA
2021-10-11 04:00:00+00:00,497.26,501.73,491.9884,493.13,243935,7555,498.120725,ZBRA
2021-10-12 04:00:00+00:00,495.96,501.32,493.15,494.54,300710,7967,496.031339,ZBRA
2021-10-13 04:00:00+00:00,499.31,501.58,493.99,496.86,178225,7395,497.011694,ZBRA
2021-10-14 04:00:00+00:00,500.69,511.8,500.54,511.35,208652,7984,509.599337,ZBRA
2021-10-15 04:00:00+00:00,514.82,517.94,513.32,515.83,227013,8461,515.855372,ZBRA
2021-10-18 04:00:00+00:00,513.38,527.4,511.52,526.92,188654,7948,523.711818,ZBRA
2021-10-19 04:00:00+00:00,530.03,534.1,525.22,528.63,163419,8505,528.595961,ZBRA
2021-10-20 04:00:00+00:00,530.55,530.6267,523.22,527.06,162478,7984,527.245785,ZBRA
2021-10-21 04:00:00+00:00,526.27,535.39,524.79,533.61,172174,7777,531.638138,ZBRA
2021-10-22 04:00:00+00:00,534.6,543.49,527.55,527.92,216356,8192,533.773476,ZBRA
2021-10-25 04:00:00+00:00,528.52,533.64,522.18,532.46,164178,8430,530.93015,ZBRA
2021-10-26 04:00:00+00:00,536.05,536.05,524.92,525.41,129889,8190,527.939887,ZBRA
2021-10-27 04:00:00+00:00,525.41,530.315,517.12,517.84,154396,7917,520.854203,ZBRA
2021-10-28 04:00:00+00:00,521.84,532.27,518.6,532.06,203790,7100,524.105907,ZBRA
2021-10-29 04:00:00+00:00,528.27,534.54,525.855,533.95,263643,11226,532.210221,ZBRA
2021-11-01 04:00:00+00:00,533.45,544.51,532.8,542.59,368430,11949,540.32428,ZBRA
2021-11-02 04:00:00+00:00,549.9,593.6,545.56,585.55,564600,19073,581.354602,ZBRA
2021-11-03 04:00:00+00:00,580.69,580.69,555.15,578.49,401724,17547,571.548874,ZBRA
2021-11-04 04:00:00+00:00,579.38,605.39,572.815,597.41,382700,15408,594.766749,ZBRA
2021-11-05 04:00:00+00:00,598.0,610.95,598.0,607.5,328210,15106,605.498855,ZBRA
2021-11-08 05:00:00+00:00,612.23,614.095,592.88,596.81,203449,10912,597.467773,ZBRA
2021-11-09 05:00:00+00:00,597.72,602.775,589.65,595.72,207673,9472,594.308531,ZBRA
2021-11-10 05:00:00+00:00,592.0,593.4161,578.84,581.8,177085,9900,583.043917,ZBRA
2021-11-11 05:00:00+00:00,585.33,589.37,581.71,585.06,112839,7354,584.836904,ZBRA
2021-11-12 05:00:00+00:00,587.41,592.88,583.49,591.84,130821,6617,589.914504,ZBRA
2021-11-15 05:00:00+00:00,594.29,597.58,587.04,590.76,115603,6562,590.873102,ZBRA
2021-11-16 05:00:00+00:00,589.05,605.6,589.05,605.0,148767,7124,602.274644,ZBRA
2021-11-17 05:00:00+00:00,606.56,609.32,599.1,605.83,174370,8911,605.585985,ZBRA
2021-11-18 05:00:00+00:00,606.36,609.79,599.3275,606.96,200528,8092,604.532282,ZBRA
2021-11-19 05:00:00+00:00,608.67,608.67,593.68,596.75,205364,9444,600.400527,ZBRA
2021-11-22 05:00:00+00:00,607.9,612.3607,595.82,602.97,317360,14298,603.74447,ZBRA
2021-11-23 05:00:00+00:00,598.4,605.52,590.67,598.74,381272,13682,598.671865,ZBRA
2021-11-24 05:00:00+00:00,596.99,599.07,585.15,598.02,197086,10280,595.817742,ZBRA
2021-11-26 05:00:00+00:00,595.64,607.08,586.53,590.72,143999,7390,592.321332,ZBRA
2021-11-29 05:00:00+00:00,597.46,609.41,588.22,607.2,262479,11755,603.689591,ZBRA
2021-11-30 05:00:00+00:00,605.84,614.01,585.75,588.78,456938,14193,593.699305,ZBRA
2021-12-01 05:00:00+00:00,597.8,604.055,580.46,581.03,253023,11920,592.032733,ZBRA
2021-12-02 05:00:00+00:00,580.87,599.215,577.32,596.96,268683,11686,593.698029,ZBRA
2021-12-03 05:00:00+00:00,603.0,605.0,579.459,588.29,229100,10933,586.656408,ZBRA
2021-12-06 05:00:00+00:00,593.31,593.31,577.53,584.22,224174,9560,584.879578,ZBRA
2021-12-07 05:00:00+00:00,594.52,610.1,594.52,605.44,254117,10721,605.229045,ZBRA
2021-12-08 05:00:00+00:00,605.44,608.3625,599.07,605.39,233992,10269,605.167603,ZBRA
2021-12-09 05:00:00+00:00,604.77,612.34,597.05,597.74,202080,9622,602.594658,ZBRA
2021-12-10 05:00:00+00:00,603.05,615.0,600.55,614.55,220944,10106,610.701911,ZBRA
2021-12-13 05:00:00+00:00,613.17,614.03,602.35,604.98,303072,11071,606.366947,ZBRA
2021-12-14 05:00:00+00:00,597.34,599.105,582.56,585.86,286011,12245,588.272285,ZBRA
2021-12-15 05:00:00+00:00,589.9,599.43,578.9,598.19,173301,9918,590.804013,ZBRA
2021-12-16 05:00:00+00:00,603.11,603.11,589.18,592.04,272402,11728,593.170621,ZBRA
2021-12-17 05:00:00+00:00,589.66,599.27,580.74,588.52,401537,11178,589.502646,ZBRA
2021-12-20 05:00:00+00:00,575.51,582.96,562.94,570.78,358655,13786,570.518257,ZBRA
2021-12-21 05:00:00+00:00,581.23,583.305,573.2534,580.21,598275,15951,576.95598,ZBRA
2021-12-22 05:00:00+00:00,580.87,582.47,575.16,580.43,354482,12249,579.780605,ZBRA
2021-12-23 05:00:00+00:00,583.34,586.855,578.68,582.41,461572,12166,582.079205,ZBRA
2021-12-27 05:00:00+00:00,585.93,607.27,583.23,606.33,636124,17778,591.821325,ZBRA
2021-12-28 05:00:00+00:00,606.98,609.32,594.095,597.32,139370,8245,597.865819,ZBRA
2021-12-29 05:00:00+00:00,596.34,603.515,596.34,601.12,128553,6313,600.06385,ZBRA
2021-12-30 05:00:00+00:00,602.71,605.485,596.16,597.54,87503,6444,600.613842,ZBRA
2021-12-31 05:00:00+00:00,594.82,598.55,594.165,595.2,116912,5312,595.770209,ZBRA
2022-01-03 05:00:00+00:00,592.08,599.73,578.49,583.9,272433,11387,584.708015,ZBRA
2022-01-04 05:00:00+00:00,584.75,589.275,574.31,587.6,345771,13428,584.508231,ZBRA
2022-01-05 05:00:00+00:00,582.4,586.92,557.48,558.43,335482,13253,569.552021,ZBRA
2022-01-06 05:00:00+00:00,555.0,563.06,548.45,555.16,337973,13946,555.83982,ZBRA
2022-01-07 05:00:00+00:00,552.14,553.54,530.14,530.86,432775,13874,537.590196,ZBRA
2022-01-10 05:00:00+00:00,527.37,536.1,516.08,535.41,400019,14868,526.398996,ZBRA
2022-01-11 05:00:00+00:00,535.15,539.02,521.6,538.57,443483,13293,531.768976,ZBRA
2022-01-12 05:00:00+00:00,539.97,547.3651,535.05,538.44,306397,9020,540.081379,ZBRA
2022-01-13 05:00:00+00:00,539.82,544.61,524.375,525.8,312446,10794,531.72264,ZBRA
2022-01-14 05:00:00+00:00,520.24,533.22,517.6,528.0,321775,11816,526.02332,ZBRA
2022-01-18 05:00:00+00:00,516.1,522.03,514.0,516.72,337098,13041,518.537589,ZBRA
2022-01-19 05:00:00+00:00,517.69,529.8,512.56,513.11,307723,10852,517.890036,ZBRA
2022-01-20 05:00:00+00:00,516.02,520.565,500.25,501.42,318189,11143,511.680025,ZBRA
2022-01-21 05:00:00+00:00,502.81,511.97,493.25,494.18,485392,17249,501.721328,ZBRA
2022-01-24 05:00:00+00:00,485.55,491.565,463.76,490.56,834669,24333,479.505533,ZBRA
2022-01-25 05:00:00+00:00,479.92,483.85,462.32,474.0,532938,17968,472.467416,ZBRA
2022-01-26 05:00:00+00:00,484.51,487.1,466.265,475.7,582371,17395,477.593339,ZBRA
2022-01-27 05:00:00+00:00,483.0,487.92,469.66,473.23,623434,18190,474.501964,ZBRA
2022-01-28 05:00:00+00:00,474.64,493.66,466.065,492.57,567712,19898,482.629605,ZBRA
2022-01-31 05:00:00+00:00,493.94,510.29,493.94,509.12,362465,13403,505.610094,ZBRA
2022-02-01 05:00:00+00:00,509.3,511.41,500.08,509.48,328089,13520,507.248479,ZBRA
2022-02-02 05:00:00+00:00,512.82,520.32,507.5801,517.01,482709,13456,516.155566,ZBRA
2022-02-03 05:00:00+00:00,509.29,514.72,506.63,508.3,486497,13872,510.413656,ZBRA
2022-02-04 05:00:00+00:00,503.62,510.4,495.91,503.09,393439,13064,502.570075,ZBRA
2022-02-07 05:00:00+00:00,505.54,509.11,496.84,498.34,299062,9857,501.302001,ZBRA
2022-02-08 05:00:00+00:00,495.67,499.98,488.47,491.7,613962,17324,492.8271,ZBRA
2022-02-09 05:00:00+00:00,497.69,507.48,494.02,506.02,664290,16955,502.103822,ZBRA
2022-02-10 05:00:00+00:00,489.61,489.61,461.33,466.63,753628,22591,473.086349,ZBRA
2022-02-11 05:00:00+00:00,465.6,467.66,436.245,441.74,1233494,31916,443.547914,ZBRA
2022-02-14 05:00:00+00:00,442.3,451.46,423.54,426.42,630300,18701,432.895276,ZBRA
2022-02-15 05:00:00+00:00,433.67,440.49,432.64,434.94,594153,16842,436.105176,ZBRA
2022-02-16 05:00:00+00:00,432.0,434.21,425.75,430.97,522786,13221,429.976997,ZBRA
2022-02-17 05:00:00+00:00,425.99,431.805,420.62,423.5,593394,14166,425.912814,ZBRA
2022-02-18 05:00:00+00:00,423.81,427.36,418.415,420.31,520888,15709,421.514526,ZBRA
2022-02-22 05:00:00+00:00,416.0,422.71,406.65,409.76,527989,14914,413.102611,ZBRA
2022-02-23 05:00:00+00:00,413.0,418.16,398.46,399.29,548671,14507,403.915696,ZBRA
2022-02-24 05:00:00+00:00,386.95,415.81,385.34,415.33,508225,16857,405.973812,ZBRA
2022-02-25 05:00:00+00:00,415.1,423.87,410.65,418.07,420754,14548,417.492964,ZBRA
2022-02-28 05:00:00+00:00,414.25,417.67,406.14,413.34,512643,14476,411.982644,ZBRA
2022-03-01 05:00:00+00:00,413.0,414.0,402.245,405.58,429343,12881,406.981042,ZBRA
2022-03-02 05:00:00+00:00,409.19,418.34,407.12,415.27,391433,12290,415.213871,ZBRA
2022-03-03 05:00:00+00:00,417.94,418.5214,404.69,407.29,233035,8974,409.077338,ZBRA
2022-03-04 05:00:00+00:00,402.46,404.5,391.88,394.24,516776,11916,395.309145,ZBRA
2022-03-07 05:00:00+00:00,394.0,396.544,380.91,381.65,485932,13963,384.606548,ZBRA
2022-03-08 05:00:00+00:00,382.23,396.8399,381.08,383.92,377305,13334,386.695491,ZBRA
2022-03-09 05:00:00+00:00,395.95,402.91,391.45,399.11,335045,10771,396.659953,ZBRA
2022-03-10 05:00:00+00:00,388.29,392.36,383.12,388.79,243800,9979,387.744556,ZBRA
2022-03-11 05:00:00+00:00,390.92,394.0,385.38,386.07,393499,12092,389.615939,ZBRA
2022-03-14 04:00:00+00:00,390.66,392.47,375.6324,380.09,313216,10862,381.424802,ZBRA
2022-03-15 04:00:00+00:00,382.45,388.48,380.8745,387.08,328811,12138,384.644786,ZBRA
2022-03-16 04:00:00+00:00,391.75,401.95,389.46,401.65,308446,12575,398.186995,ZBRA
2022-03-17 04:00:00+00:00,401.04,419.95,399.72,419.35,523460,14858,414.704752,ZBRA
2022-03-18 04:00:00+00:00,419.35,439.087,416.22,437.18,918055,20288,432.918733,ZBRA
2022-03-21 04:00:00+00:00,437.62,439.45,425.33,429.54,475790,13066,428.958264,ZBRA
2022-03-22 04:00:00+00:00,429.83,436.94,424.92,433.68,450565,14751,432.626355,ZBRA
2022-03-23 04:00:00+00:00,428.73,430.98,419.29,419.91,319351,10501,423.929638,ZBRA
2022-03-24 04:00:00+00:00,424.31,427.85,415.725,427.37,305036,10021,424.763179,ZBRA
2022-03-25 04:00:00+00:00,427.58,428.125,421.345,425.66,293601,9646,424.693329,ZBRA
2022-03-28 04:00:00+00:00,425.66,426.94,417.715,422.28,319506,11008,422.059391,ZBRA
2022-03-29 04:00:00+00:00,429.76,440.64,428.66,438.1,292084,11309,436.864932,ZBRA
2022-03-30 04:00:00+00:00,434.0,437.925,428.5,429.61,316484,10677,433.012488,ZBRA
2022-03-31 04:00:00+00:00,428.91,432.21,412.94,413.7,572570,16628,418.199919,ZBRA
2022-04-01 04:00:00+00:00,414.63,417.17,403.7,413.73,504454,15444,409.851523,ZBRA
2022-04-04 04:00:00+00:00,426.84,437.295,424.78,431.24,491977,17752,432.112567,ZBRA
2022-04-05 04:00:00+00:00,429.4,431.96,422.42,423.72,455569,13730,425.262815,ZBRA
2022-04-06 04:00:00+00:00,417.53,425.13,413.22,422.9,440666,17719,420.141195,ZBRA
2022-04-07 04:00:00+00:00,418.08,427.02,416.9,418.4,461266,14330,420.158334,ZBRA
2022-04-08 04:00:00+00:00,416.26,419.14,406.7,415.63,386950,11028,415.553361,ZBRA
2022-04-11 04:00:00+00:00,410.78,413.695,405.8,408.7,248637,10588,409.063243,ZBRA
2021-04-12 04:00:00+00:00,55.9,56.72,55.9,56.61,791586,13438,56.394006,ZION
2021-04-13 04:00:00+00:00,55.96,56.05,54.89,55.53,884659,15820,55.583969,ZION
2021-04-14 04:00:00+00:00,55.38,56.97,55.365,56.24,1013658,15653,56.371024,ZION
2021-04-15 04:00:00+00:00,56.45,56.45,54.76,55.82,1378064,21720,55.462851,ZION
2021-04-16 04:00:00+00:00,56.38,57.1,55.85,56.15,938308,15605,56.229716,ZION
2021-04-19 04:00:00+00:00,56.23,57.03,55.56,55.96,1226895,21315,56.020236,ZION
2021-04-20 04:00:00+00:00,55.13,55.17,51.71,52.36,2973697,41192,52.594966,ZION
2021-04-21 04:00:00+00:00,52.08,53.715,51.63,53.65,1506960,22615,53.072308,ZION
2021-04-22 04:00:00+00:00,53.69,53.87,52.5,52.555,1458818,20806,52.874706,ZION
2021-04-23 04:00:00+00:00,52.41,54.73,52.24,54.27,2021816,23340,54.283705,ZION
2021-04-26 04:00:00+00:00,54.6,55.17,54.28,54.61,1226260,15357,54.65485,ZION
2021-04-27 04:00:00+00:00,54.7,55.2,54.48,55.15,1385735,15665,54.937198,ZION
2021-04-28 04:00:00+00:00,55.16,55.75,54.82,55.25,1111052,13823,55.306471,ZION
2021-04-29 04:00:00+00:00,56.15,56.719,55.78,56.36,1220245,17187,56.235855,ZION
2021-04-30 04:00:00+00:00,55.95,56.77,55.675,55.8,1328566,17120,55.885909,ZION
2021-05-03 04:00:00+00:00,56.45,56.62,55.18,55.835,1156851,17962,55.824942,ZION
2021-05-04 04:00:00+00:00,55.77,57.37,55.0,57.37,1570601,21251,56.66729,ZION
2021-05-05 04:00:00+00:00,57.38,58.75,56.71,58.22,1275534,17867,58.128669,ZION
2021-05-06 04:00:00+00:00,58.66,59.21,57.63,59.15,1124830,19470,58.451418,ZION
2021-05-07 04:00:00+00:00,57.58,59.38,57.32,59.27,1321810,18761,58.852699,ZION
2021-05-10 04:00:00+00:00,59.87,60.44,58.9,58.92,1238004,20741,59.647171,ZION
2021-05-11 04:00:00+00:00,58.57,60.1879,58.3,58.54,1553472,24793,58.798384,ZION
2021-05-12 04:00:00+00:00,58.68,59.31,56.95,57.16,1172549,19752,58.148087,ZION
2021-05-13 04:00:00+00:00,56.44,59.38,56.1,59.08,907155,17845,58.472431,ZION
2021-05-14 04:00:00+00:00,59.32,60.36,58.72,60.2,1007676,14755,60.025206,ZION
2021-05-17 04:00:00+00:00,58.08,60.41,58.04,60.27,1214438,18067,59.910798,ZION
2021-05-18 04:00:00+00:00,60.08,60.65,58.2,58.25,1647507,24907,59.183806,ZION
2021-05-19 04:00:00+00:00,57.97,57.97,56.18,57.42,1726635,26601,56.977695,ZION
2021-05-20 04:00:00+00:00,57.03,57.46,56.09,57.04,1297629,20571,56.759793,ZION
2021-05-21 04:00:00+00:00,57.1,58.665,57.1,58.1,1776108,18496,58.09612,ZION
2021-05-24 04:00:00+00:00,58.01,58.07,57.28,57.53,911059,14125,57.609049,ZION
2021-05-25 04:00:00+00:00,57.85,58.38,55.88,56.02,1374952,18357,56.606708,ZION
2021-05-26 04:00:00+00:00,55.95,56.84,55.66,56.72,1050117,15398,56.491342,ZION
2021-05-27 04:00:00+00:00,57.55,57.985,57.23,57.87,1009008,14651,57.67458,ZION
2021-05-28 04:00:00+00:00,57.75,57.96,57.1,57.88,942833,12281,57.711261,ZION
2021-06-01 04:00:00+00:00,58.29,58.73,57.79,58.13,749757,11505,58.201605,ZION
2021-06-02 04:00:00+00:00,58.65,58.65,57.5,58.18,751798,14082,58.103452,ZION
2021-06-03 04:00:00+00:00,58.32,59.26,58.01,58.29,1216234,16671,58.56732,ZION
2021-06-04 04:00:00+00:00,58.3,58.3,57.02,58.13,641517,12331,57.780505,ZION
2021-06-07 04:00:00+00:00,58.43,58.46,57.73,57.81,918442,14509,57.896414,ZION
2021-06-08 04:00:00+00:00,57.32,58.0,56.23,57.8,985424,15040,57.470496,ZION
2021-06-09 04:00:00+00:00,57.09,57.42,56.19,56.62,924770,15413,56.76036,ZION
2021-06-10 04:00:00+00:00,57.72,57.74,55.03,55.08,943066,15293,55.630952,ZION
2021-06-11 04:00:00+00:00,55.54,55.79,54.96,55.27,961989,14087,55.272351,ZION
2021-06-14 04:00:00+00:00,55.3,55.56,53.71,54.02,907019,16151,54.217268,ZION
2021-06-15 04:00:00+00:00,54.13,54.84,53.66,54.52,1031715,16519,54.392426,ZION
2021-06-16 04:00:00+00:00,54.16,55.81,53.41,55.13,1615539,26210,54.912164,ZION
2021-06-17 04:00:00+00:00,55.7,55.79,51.52,51.62,1725623,25847,52.236826,ZION
2021-06-18 04:00:00+00:00,50.67,51.19,49.79,50.3,3198326,26759,50.393177,ZION
2021-06-21 04:00:00+00:00,50.5,52.77,50.5,52.68,2076846,27486,52.330569,ZION
2021-06-22 04:00:00+00:00,52.74,53.13,51.6676,52.82,1253226,20329,52.76819,ZION
2021-06-23 04:00:00+00:00,53.11,53.49,52.78,53.14,1131306,16175,53.16784,ZION
2021-06-24 04:00:00+00:00,53.48,54.43,52.83,54.21,1344439,16581,53.940742,ZION
2021-06-25 04:00:00+00:00,54.52,55.84,53.98,55.48,2216423,19242,55.319102,ZION
2021-06-28 04:00:00+00:00,55.12,55.4686,53.15,53.45,1048464,17844,53.51733,ZION
2021-06-29 04:00:00+00:00,53.94,54.42,52.45,52.7,713857,13626,53.032941,ZION
2021-06-30 04:00:00+00:00,52.27,53.09,52.25,52.86,996492,15009,52.788868,ZION
2021-07-01 04:00:00+00:00,53.69,54.02,52.92,53.82,1016353,18421,53.677818,ZION
2021-07-02 04:00:00+00:00,53.5,53.71,53.16,53.26,797917,13175,53.362661,ZION
2021-07-06 04:00:00+00:00,53.02,53.02,51.1,51.72,902180,14188,51.685453,ZION
2021-07-07 04:00:00+00:00,50.99,51.97,50.7705,51.31,1138035,16054,51.408126,ZION
2021-07-08 04:00:00+00:00,50.11,50.7,49.39,49.84,1687099,19971,49.964019,ZION
2021-07-09 04:00:00+00:00,51.16,52.35,50.965,52.29,1501432,20327,51.994107,ZION
2021-07-12 04:00:00+00:00,51.53,52.7,50.74,52.59,1182823,16001,52.173952,ZION
2021-07-13 04:00:00+00:00,52.55,52.625,51.23,51.41,1057693,15248,51.558246,ZION
2021-07-14 04:00:00+00:00,51.48,52.4,50.44,51.36,1114631,16311,51.081632,ZION
2021-07-15 04:00:00+00:00,50.72,52.21,50.28,51.67,1136304,16615,51.587368,ZION
2021-07-16 04:00:00+00:00,51.99,51.99,49.4,49.6,1528063,21664,49.964349,ZION
2021-07-19 04:00:00+00:00,48.27,48.64,47.061,47.7,2157061,28361,47.549003,ZION
2021-07-20 04:00:00+00:00,48.81,51.61,48.06,50.2,3860572,44819,50.263913,ZION
2021-07-21 04:00:00+00:00,50.77,52.75,50.41,51.64,2094848,29417,51.886923,ZION
2021-07-22 04:00:00+00:00,51.47,51.47,50.03,50.32,1282502,19249,50.430006,ZION
2021-07-23 04:00:00+00:00,51.02,51.64,50.46,50.86,1079979,16556,50.798628,ZION
2021-07-26 04:00:00+00:00,50.94,51.97,50.94,51.48,1250669,15970,51.371871,ZION
2021-07-27 04:00:00+00:00,50.95,51.71,50.45,51.68,1424132,22107,51.413347,ZION
2021-07-28 04:00:00+00:00,51.98,52.82,51.31,52.36,1512871,22564,52.242326,ZION
2021-07-29 04:00:00+00:00,52.95,53.62,52.2,52.84,1426477,20689,53.091735,ZION
2021-07-30 04:00:00+00:00,52.75,53.5,52.01,52.15,1280850,16567,52.435125,ZION
2021-08-02 04:00:00+00:00,52.54,53.94,51.58,51.63,1101034,18474,52.195159,ZION
2021-08-03 04:00:00+00:00,52.1,53.04,50.8,52.74,934450,16085,52.423189,ZION
2021-08-04 04:00:00+00:00,51.94,53.2,51.58,52.23,1056294,18424,52.496137,ZION
2021-08-05 04:00:00+00:00,52.65,53.4,52.63,53.12,1074396,16048,52.99359,ZION
2021-08-06 04:00:00+00:00,54.03,55.76,54.03,54.99,1640005,27305,55.085367,ZION
2021-08-09 04:00:00+00:00,54.62,55.395,54.16,54.55,1326825,20888,54.791228,ZION
2021-08-10 04:00:00+00:00,54.03,55.55,53.702,55.32,1184149,17422,55.092131,ZION
2021-08-11 04:00:00+00:00,54.87,55.975,54.24,55.96,1238891,20366,55.545841,ZION
2021-08-12 04:00:00+00:00,56.18,56.46,55.48,55.94,663738,13528,55.936344,ZION
2021-08-13 04:00:00+00:00,56.31,56.35,55.25,55.41,630632,11570,55.528391,ZION
2021-08-16 04:00:00+00:00,54.88,55.33,54.3172,55.04,790477,14461,54.904294,ZION
2021-08-17 04:00:00+00:00,54.48,54.97,53.33,54.36,881336,16525,54.204371,ZION
2021-08-18 04:00:00+00:00,54.04,54.82,53.58,53.64,905210,17148,54.223544,ZION
2021-08-19 04:00:00+00:00,52.99,53.55,52.51,53.17,1047716,17802,53.047625,ZION
2021-08-20 04:00:00+00:00,53.02,54.03,52.75,53.87,1339724,18436,53.741406,ZION
2021-08-23 04:00:00+00:00,54.36,55.02,54.34,54.85,750226,13177,54.817893,ZION
2021-08-24 04:00:00+00:00,55.0,55.85,55.0,55.8,784925,12584,55.626573,ZION
2021-08-25 04:00:00+00:00,56.15,57.37,55.88,56.74,913284,15171,56.839647,ZION
2021-08-26 04:00:00+00:00,56.98,57.17,55.65,55.75,1064454,15963,56.12756,ZION
2021-08-27 04:00:00+00:00,56.12,58.615,55.97,58.55,2405842,33518,57.87301,ZION
2021-08-30 04:00:00+00:00,57.84,58.15,57.07,57.2,1776999,26100,57.483238,ZION
2021-08-31 04:00:00+00:00,57.43,58.27,57.14,57.9,1655730,21494,57.885668,ZION
2021-09-01 04:00:00+00:00,57.92,58.0,56.95,57.17,1302117,19633,57.323568,ZION
2021-09-02 04:00:00+00:00,57.22,57.86,56.95,57.15,814206,15239,57.285755,ZION
2021-09-03 04:00:00+00:00,57.33,57.86,56.78,57.12,1290688,16911,57.097941,ZION
2021-09-07 04:00:00+00:00,57.38,58.35,57.26,57.5,1059629,18606,57.740591,ZION
2021-09-08 04:00:00+00:00,57.31,57.73,56.43,56.5,1131977,18395,56.889123,ZION
2021-09-09 04:00:00+00:00,56.41,58.29,56.23,57.56,1432686,22130,57.681978,ZION
2021-09-10 04:00:00+00:00,57.8,58.29,57.16,57.38,1279534,23148,57.672118,ZION
2021-09-13 04:00:00+00:00,58.12,58.77,57.56,58.31,1261981,23478,58.225316,ZION
2021-09-14 04:00:00+00:00,58.34,58.94,56.66,56.86,1371105,23806,57.09907,ZION
2021-09-15 04:00:00+00:00,57.21,58.29,57.02,57.98,1288323,19678,57.920999,ZION
2021-09-16 04:00:00+00:00,58.27,58.76,57.54,57.7,995711,15560,57.968041,ZION
2021-09-17 04:00:00+00:00,57.49,58.31,56.825,57.09,2381726,21880,57.224388,ZION
2021-09-20 04:00:00+00:00,55.35,55.745,54.37,55.67,1407291,21117,55.083508,ZION
2021-09-21 04:00:00+00:00,56.92,56.92,54.99,55.37,1197492,17870,55.617413,ZION
2021-09-22 04:00:00+00:00,56.1,57.64,56.1,56.91,1450220,20733,56.955358,ZION
2021-09-23 04:00:00+00:00,57.52,60.02,57.52,59.36,1779507,23116,59.48962,ZION
2021-09-24 04:00:00+00:00,59.18,60.66,59.18,60.25,979264,15832,60.272055,ZION
2021-09-27 04:00:00+00:00,61.06,63.14,61.06,62.89,1360334,18688,62.552506,ZION
2021-09-28 04:00:00+00:00,63.2,63.48,62.39,62.74,1123710,18169,62.956082,ZION
2021-09-29 04:00:00+00:00,62.73,63.97,62.42,63.74,1415155,16870,63.349582,ZION
2021-09-30 04:00:00+00:00,64.0,64.0,61.72,61.89,1445683,21474,62.581762,ZION
2021-10-01 04:00:00+00:00,62.13,64.11,62.05,63.65,1266542,21630,63.212408,ZION
2021-10-04 04:00:00+00:00,63.48,64.43,63.44,63.8,1159599,18444,63.806156,ZION
2021-10-05 04:00:00+00:00,64.46,64.65,63.29,63.46,1375723,20105,63.723951,ZION
2021-10-06 04:00:00+00:00,62.98,63.05,61.25,62.8,1066591,18065,62.485913,ZION
2021-10-07 04:00:00+00:00,63.37,63.835,62.6588,63.07,1058229,19177,63.166769,ZION
2021-10-08 04:00:00+00:00,62.93,63.91,62.84,63.47,675525,10308,63.41404,ZION
2021-10-11 04:00:00+00:00,64.08,64.41,62.4,62.44,797017,13003,63.137133,ZION
2021-10-12 04:00:00+00:00,62.18,62.78,61.7786,62.71,1077434,18436,62.411559,ZION
2021-10-13 04:00:00+00:00,62.53,62.74,60.65,62.14,957036,15200,61.782852,ZION
2021-10-14 04:00:00+00:00,62.97,63.02,62.035,62.64,900790,17999,62.529342,ZION
2021-10-15 04:00:00+00:00,63.43,63.59,62.04,62.14,1455656,21598,62.48723,ZION
2021-10-18 04:00:00+00:00,62.0,63.19,61.95,62.23,1261707,19152,62.399959,ZION
2021-10-19 04:00:00+00:00,61.41,63.33,60.48,63.25,2161086,27314,62.34856,ZION
2021-10-20 04:00:00+00:00,62.84,65.13,62.74,65.1,1494315,21821,64.434226,ZION
2021-10-21 04:00:00+00:00,65.01,65.29,63.33,64.57,976970,15702,64.219087,ZION
2021-10-22 04:00:00+00:00,64.87,66.64,64.705,66.39,1490262,21159,65.813076,ZION
2021-10-25 04:00:00+00:00,66.84,66.99,65.555,66.12,1130255,16978,66.03848,ZION
2021-10-26 04:00:00+00:00,66.31,66.59,65.235,65.29,985097,15477,65.736546,ZION
2021-10-27 04:00:00+00:00,64.49,64.74,62.85,62.88,1436200,22845,63.545934,ZION
2021-10-28 04:00:00+00:00,63.07,63.84,62.37,62.87,1789015,21762,62.873864,ZION
2021-10-29 04:00:00+00:00,63.12,63.79,62.92,62.99,1123222,18688,63.230923,ZION
2021-11-01 04:00:00+00:00,63.55,64.92,63.41,64.19,1334196,19707,64.258643,ZION
2021-11-02 04:00:00+00:00,64.01,64.64,63.65,63.93,1011249,14906,64.022047,ZION
2021-11-03 04:00:00+00:00,63.55,66.24,63.23,65.78,1669096,23307,65.221107,ZION
2021-11-04 04:00:00+00:00,65.78,65.78,63.82,64.29,1537435,21635,64.268521,ZION
2021-11-05 04:00:00+00:00,64.5,65.85,64.3,64.81,1063240,18289,65.014264,ZION
2021-11-08 05:00:00+00:00,65.06,66.13,64.82,65.36,938669,15015,65.404455,ZION
2021-11-09 05:00:00+00:00,64.32,65.31,63.38,65.15,1304694,18837,64.55578,ZION
2021-11-10 05:00:00+00:00,65.18,65.79,64.68,65.07,1286681,17807,65.203255,ZION
2021-11-11 05:00:00+00:00,65.18,66.46,65.02,65.89,884046,16612,65.968534,ZION
2021-11-12 05:00:00+00:00,65.73,66.1,64.95,65.48,796087,12509,65.475614,ZION
2021-11-15 05:00:00+00:00,65.78,66.555,65.61,66.35,843977,16748,66.281965,ZION
2021-11-16 05:00:00+00:00,66.25,67.07,65.95,66.44,1175204,17459,66.610122,ZION
2021-11-17 05:00:00+00:00,66.8,66.99,65.47,66.29,1118678,16870,66.134671,ZION
2021-11-18 05:00:00+00:00,66.34,66.79,65.78,66.22,1128645,16402,66.211811,ZION
2021-11-19 05:00:00+00:00,64.88,65.96,64.1,65.41,1371519,19482,65.192266,ZION
2021-11-22 05:00:00+00:00,66.34,67.56,65.11,66.25,972268,15631,66.673631,ZION
2021-11-23 05:00:00+00:00,66.86,67.75,66.55,67.61,930348,14927,67.333338,ZION
2021-11-24 05:00:00+00:00,67.47,68.25,67.28,67.49,975199,15961,67.698697,ZION
2021-11-26 05:00:00+00:00,64.73,64.88,62.82,64.17,1516995,18426,63.734365,ZION
2021-11-29 05:00:00+00:00,65.36,65.67,63.83,64.91,1660377,26033,64.857621,ZION
2021-11-30 05:00:00+00:00,63.86,64.28,62.71,63.08,1710880,25134,63.305624,ZION
2021-12-01 05:00:00+00:00,64.43,65.27,62.35,62.37,2469160,37644,63.422611,ZION
2021-12-02 05:00:00+00:00,62.99,64.46,62.4,64.05,1738209,26388,63.931659,ZION
2021-12-03 05:00:00+00:00,64.4,64.4,61.24,61.91,1405018,22809,62.187781,ZION
2021-12-06 05:00:00+00:00,63.12,65.05,62.64,63.87,1759776,27716,64.024819,ZION
2021-12-07 05:00:00+00:00,64.45,65.01,63.94,64.44,938978,20125,64.409784,ZION
2021-12-08 05:00:00+00:00,64.57,64.75,63.08,63.36,983424,19630,63.549588,ZION
2021-12-09 05:00:00+00:00,63.02,64.175,62.47,63.01,1224991,18694,63.314503,ZION
2021-12-10 05:00:00+00:00,63.43,63.71,62.19,63.21,536993,13018,62.950439,ZION
2021-12-13 05:00:00+00:00,62.92,63.25,61.04,61.17,1380692,22628,61.433512,ZION
2021-12-14 05:00:00+00:00,61.25,62.49,61.12,62.27,1631771,19505,62.168759,ZION
2021-12-15 05:00:00+00:00,62.43,63.16,61.52,62.76,1386088,21439,62.58748,ZION
2021-12-16 05:00:00+00:00,63.6,64.3,62.78,63.47,1580734,24552,63.590495,ZION
2021-12-17 05:00:00+00:00,63.36,63.36,60.905,61.2,3975328,23588,61.378092,ZION
2021-12-20 05:00:00+00:00,60.23,60.23,58.18,59.4,1455256,20004,59.073098,ZION
2021-12-21 05:00:00+00:00,60.23,61.8,60.23,61.65,974018,15960,61.381455,ZION
2021-12-22 05:00:00+00:00,61.29,62.06,61.06,61.86,817868,13008,61.792187,ZION
2021-12-23 05:00:00+00:00,62.42,63.09,62.21,62.36,571303,9975,62.531616,ZION
2021-12-27 05:00:00+00:00,62.42,63.06,61.72,63.01,495000,9515,62.696049,ZION
2021-12-28 05:00:00+00:00,62.81,63.53,62.63,63.11,496658,7529,63.139768,ZION
2021-12-29 05:00:00+00:00,63.28,63.89,62.7425,63.45,690866,10779,63.557583,ZION
2021-12-30 05:00:00+00:00,63.45,64.12,63.07,63.13,412837,8866,63.398437,ZION
2021-12-31 05:00:00+00:00,62.87,63.42,62.5501,63.16,552447,9938,63.142259,ZION
2022-01-03 05:00:00+00:00,63.88,65.06,63.73,64.24,1217188,20702,64.240525,ZION
2022-01-04 05:00:00+00:00,65.15,66.954,65.15,66.07,1355423,23098,66.35708,ZION
2022-01-05 05:00:00+00:00,66.45,67.34,66.08,66.19,893166,19275,66.662436,ZION
2022-01-06 05:00:00+00:00,67.1,69.18,66.32,68.94,1437265,20267,68.22665,ZION
2022-01-07 05:00:00+00:00,69.05,70.39,68.39,70.09,1288167,18901,69.907017,ZION
2022-01-10 05:00:00+00:00,70.65,71.205,68.61,69.56,1570126,24661,69.462099,ZION
2022-01-11 05:00:00+00:00,70.12,70.29,68.63,70.22,851594,15506,69.747723,ZION
2022-01-12 05:00:00+00:00,70.53,71.0,69.76,70.21,1013863,16716,70.231297,ZION
2022-01-13 05:00:00+00:00,70.45,71.175,69.88,70.06,1469982,20947,70.420384,ZION
2022-01-14 05:00:00+00:00,69.66,70.76,68.7,70.65,1543994,20636,70.293841,ZION
2022-01-18 05:00:00+00:00,70.71,70.83,69.12,69.43,1015807,15997,69.776876,ZION
2022-01-19 05:00:00+00:00,69.7,69.7,65.99,66.17,1935955,27376,66.908593,ZION
2022-01-20 05:00:00+00:00,65.97,66.9,64.08,64.23,1178223,21728,65.345108,ZION
2022-01-21 05:00:00+00:00,63.71,63.71,61.28,61.75,1984239,30224,62.194302,ZION
2022-01-24 05:00:00+00:00,60.54,63.005,59.49,62.77,2245577,34752,61.246176,ZION
2022-01-25 05:00:00+00:00,63.25,67.44,62.92,66.48,3827895,46588,65.741939,ZION
2022-01-26 05:00:00+00:00,67.36,68.43,66.07,67.2,2271689,33967,67.292786,ZION
2022-01-27 05:00:00+00:00,67.95,69.1,66.3,66.99,1772139,23584,67.378687,ZION
2022-01-28 05:00:00+00:00,66.79,68.18,66.245,68.15,2180387,34388,67.528981,ZION
2022-01-31 05:00:00+00:00,67.66,68.55,66.64,67.82,1500980,23999,67.784024,ZION
2022-02-01 05:00:00+00:00,67.62,69.12,67.23,69.05,1152710,20782,68.473791,ZION
2022-02-02 05:00:00+00:00,68.9,69.515,68.17,69.3,946070,15437,69.060322,ZION
2022-02-03 05:00:00+00:00,69.32,70.83,68.52,68.9,1239485,20856,69.574334,ZION
2022-02-04 05:00:00+00:00,69.32,71.84,69.06,71.17,1203961,20341,70.761859,ZION
2022-02-07 05:00:00+00:00,71.34,72.06,70.7,71.65,804992,14926,71.622622,ZION
2022-02-08 05:00:00+00:00,72.23,74.34,71.8,73.97,1994352,24429,73.671473,ZION
2022-02-09 05:00:00+00:00,73.86,73.941,72.6,72.94,1310106,24012,73.155606,ZION
2022-02-10 05:00:00+00:00,73.19,75.44,73.1,74.12,2427769,33468,74.394334,ZION
2022-02-11 05:00:00+00:00,73.58,75.16,72.62,73.22,1143777,21734,73.619292,ZION
2022-02-14 05:00:00+00:00,74.28,75.29,71.49,72.36,1876128,29459,72.819883,ZION
2022-02-15 05:00:00+00:00,73.08,74.86,72.89,74.31,1586900,22106,74.186278,ZION
2022-02-16 05:00:00+00:00,73.43,74.85,73.2,73.91,1179058,19857,74.019093,ZION
2022-02-17 05:00:00+00:00,73.29,73.35,71.02,71.22,1076143,22144,71.648768,ZION
2022-02-18 05:00:00+00:00,70.89,71.92,70.49,70.72,1617562,24618,70.91016,ZION
2022-02-22 05:00:00+00:00,70.49,71.85,70.24,70.89,1124215,21529,70.96994,ZION
2022-02-23 05:00:00+00:00,71.49,71.96,69.25,69.71,1077067,20186,70.211368,ZION
2022-02-24 05:00:00+00:00,66.56,67.14,63.9073,66.97,2880180,48321,65.806771,ZION
2022-02-25 05:00:00+00:00,67.7,71.44,67.32,70.99,1838631,28471,70.221859,ZION
2022-02-28 05:00:00+00:00,68.78,70.99,68.6,70.89,1602146,26984,70.292689,ZION
2022-03-01 05:00:00+00:00,70.27,70.27,64.2375,64.94,3038725,48549,65.937353,ZION
2022-03-02 05:00:00+00:00,65.86,69.75,65.61,68.38,1791637,31153,68.527846,ZION
2022-03-03 05:00:00+00:00,68.59,69.6,67.38,68.0,1773550,30661,68.124886,ZION
2022-03-04 05:00:00+00:00,66.61,66.61,64.48,65.39,1648237,28142,65.241759,ZION
2022-03-07 05:00:00+00:00,64.51,65.285,62.2,62.23,1713965,32028,63.29,ZION
2022-03-08 05:00:00+00:00,63.1,64.56,61.75,62.45,1575808,28928,62.87568,ZION
2022-03-09 05:00:00+00:00,64.65,65.99,64.1,65.13,1334418,24402,65.242211,ZION
2022-03-10 05:00:00+00:00,64.49,65.87,63.705,64.52,1163219,23262,64.574165,ZION
2022-03-11 05:00:00+00:00,65.07,66.42,64.12,64.21,1071404,21522,65.131534,ZION
2022-03-14 04:00:00+00:00,65.26,66.8,64.55,65.0,1432072,25921,65.337059,ZION
2022-03-15 04:00:00+00:00,65.28,65.96,64.14,65.36,1056297,21077,65.008316,ZION
2022-03-16 04:00:00+00:00,66.45,68.99,65.95,68.86,1877602,30161,68.261047,ZION
2022-03-17 04:00:00+00:00,67.05,68.46,66.09,68.34,1805144,34367,67.549765,ZION
2022-03-18 04:00:00+00:00,68.17,68.31,65.71,67.85,4077715,31519,67.547891,ZION
2022-03-21 04:00:00+00:00,68.33,69.26,66.74,67.76,1718353,21651,67.628765,ZION
2022-03-22 04:00:00+00:00,68.91,70.04,68.45,69.53,1768386,23619,69.464946,ZION
2022-03-23 04:00:00+00:00,68.74,69.04,67.54,67.7,1458347,16263,67.955612,ZION
2022-03-24 04:00:00+00:00,68.16,68.7,67.564,68.58,1303087,16616,68.438318,ZION
2022-03-25 04:00:00+00:00,68.66,71.17,68.555,71.08,1992718,35124,70.631691,ZION
2022-03-28 04:00:00+00:00,70.61,70.72,68.62,69.73,1344300,22566,69.428453,ZION
2022-03-29 04:00:00+00:00,70.97,71.25,69.29,69.74,1285875,22785,69.865481,ZION
2022-03-30 04:00:00+00:00,69.98,69.98,66.26,67.37,1257131,23981,67.424238,ZION
2022-03-31 04:00:00+00:00,67.23,67.77,65.53,65.56,1564876,24237,66.255381,ZION
2022-04-01 04:00:00+00:00,66.61,67.25,64.27,64.3,2470873,41338,65.084801,ZION
2022-04-04 04:00:00+00:00,64.29,64.955,62.77,64.1,1218801,21795,64.100789,ZION
2022-04-05 04:00:00+00:00,64.06,64.93,63.79,64.4,1380974,22298,64.400816,ZION
2022-04-06 04:00:00+00:00,64.01,64.4,63.17,63.67,1560945,26255,63.79375,ZION
2022-04-07 04:00:00+00:00,63.57,63.945,62.01,63.18,1084613,19125,62.865596,ZION
2022-04-08 04:00:00+00:00,63.68,64.33,63.02,63.89,887169,16417,63.904727,ZION
2022-04-11 04:00:00+00:00,63.96,65.6295,63.84,64.23,937962,17600,64.637388,ZION
2021-04-12 04:00:00+00:00,159.26,163.15,158.52,162.51,2879260,27949,162.213702,ZTS
2021-04-13 04:00:00+00:00,162.2,164.0,161.49,163.47,2432700,20190,163.420448,ZTS
2021-04-14 04:00:00+00:00,164.01,164.84,162.626,163.08,1164056,19767,163.475072,ZTS
2021-04-15 04:00:00+00:00,163.93,166.4,163.93,165.45,2027019,21197,165.600827,ZTS
2021-04-16 04:00:00+00:00,166.27,168.27,166.0,167.63,2248711,21550,167.378067,ZTS
2021-04-19 04:00:00+00:00,167.5,168.27,166.5885,168.1,1824271,20028,167.765137,ZTS
2021-04-20 04:00:00+00:00,167.95,169.7,167.55,168.74,1962516,21739,168.606628,ZTS
2021-04-21 04:00:00+00:00,169.58,171.16,168.88,170.15,1204642,19581,170.347236,ZTS
2021-04-22 04:00:00+00:00,169.71,170.11,167.84,169.07,1463031,18472,169.083238,ZTS
2021-04-23 04:00:00+00:00,169.0,171.3,168.5308,170.54,1056457,17074,170.323592,ZTS
2021-04-26 04:00:00+00:00,170.88,171.175,169.01,169.8,977789,14988,169.917644,ZTS
2021-04-27 04:00:00+00:00,169.59,170.79,169.14,169.75,1310345,19233,169.942616,ZTS
2021-04-28 04:00:00+00:00,169.63,172.17,169.43,171.72,1389254,18856,171.469661,ZTS
2021-04-29 04:00:00+00:00,172.09,174.84,171.76,174.52,1671382,23604,173.894541,ZTS
2021-04-30 04:00:00+00:00,173.7,174.85,172.5211,173.03,2144179,21169,173.351377,ZTS
2021-05-03 04:00:00+00:00,174.7,176.23,173.35,175.24,1883086,22076,175.233529,ZTS
2021-05-04 04:00:00+00:00,174.43,174.82,172.42,173.77,1832441,26885,173.562971,ZTS
2021-05-05 04:00:00+00:00,174.2,174.68,172.3398,173.86,1923176,23306,173.571669,ZTS
2021-05-06 04:00:00+00:00,167.25,168.63,165.22,167.52,3193514,38133,167.322838,ZTS
2021-05-07 04:00:00+00:00,169.19,173.26,169.0,171.55,1489965,24523,171.857865,ZTS
2021-05-10 04:00:00+00:00,172.0,173.24,170.77,171.17,1463318,22925,171.903892,ZTS
2021-05-11 04:00:00+00:00,169.9,171.15,169.29,170.23,1593778,21898,170.180969,ZTS
2021-05-12 04:00:00+00:00,169.53,170.36,167.46,168.04,1600785,25303,168.387184,ZTS
2021-05-13 04:00:00+00:00,168.37,171.27,167.83,170.85,1286828,19494,170.173789,ZTS
2021-05-14 04:00:00+00:00,171.71,172.98,170.85,172.29,1227173,17605,172.207379,ZTS
2021-05-17 04:00:00+00:00,172.25,172.98,170.035,170.27,1003638,16445,170.721947,ZTS
2021-05-18 04:00:00+00:00,169.27,170.98,168.63,170.11,1149462,19061,170.169634,ZTS
2021-05-19 04:00:00+00:00,169.05,171.35,167.81,171.28,1537971,20174,170.441993,ZTS
2021-05-20 04:00:00+00:00,171.52,175.98,170.78,175.8,2223024,24492,175.124573,ZTS
2021-05-21 04:00:00+00:00,176.55,177.71,175.11,176.02,3330084,30406,175.984953,ZTS
2021-05-24 04:00:00+00:00,177.05,178.71,175.98,176.4,2272976,23189,177.085508,ZTS
2021-05-25 04:00:00+00:00,176.0,176.73,174.46,176.62,2494958,23202,176.031354,ZTS
2021-05-26 04:00:00+00:00,178.01,178.49,174.775,175.32,1590313,24646,175.786298,ZTS
2021-05-27 04:00:00+00:00,175.0,176.51,174.34,174.67,3201814,25354,174.92174,ZTS
2021-05-28 04:00:00+00:00,176.2,178.15,175.57,176.68,1439865,20257,177.085828,ZTS
2021-06-01 04:00:00+00:00,177.36,177.48,173.83,174.19,1367287,22775,174.700691,ZTS
2021-06-02 04:00:00+00:00,174.0,174.94,172.23,172.95,1402897,21259,173.327501,ZTS
2021-06-03 04:00:00+00:00,172.37,174.52,171.88,173.82,1030274,15950,173.620701,ZTS
2021-06-04 04:00:00+00:00,175.0,176.08,174.065,175.2,1225201,18073,175.146324,ZTS
2021-06-07 04:00:00+00:00,175.41,176.74,174.49,175.1,1355149,19508,175.381375,ZTS
2021-06-08 04:00:00+00:00,175.89,176.22,173.13,174.1,946459,18719,174.08098,ZTS
2021-06-09 04:00:00+00:00,175.4,176.905,174.65,176.69,1349067,19414,175.945888,ZTS
2021-06-10 04:00:00+00:00,176.98,182.85,176.98,182.1,1888495,28340,181.242103,ZTS
2021-06-11 04:00:00+00:00,182.0,182.635,179.61,182.2,1620216,20081,181.403374,ZTS
2021-06-14 04:00:00+00:00,182.07,184.77,181.19,184.58,3693387,18702,184.256958,ZTS
2021-06-15 04:00:00+00:00,184.66,186.1,183.89,185.67,1629414,20569,185.422773,ZTS
2021-06-16 04:00:00+00:00,186.0,186.84,183.36,184.11,1928577,27757,184.806113,ZTS
2021-06-17 04:00:00+00:00,184.09,186.93,183.78,186.44,1236660,20753,185.808316,ZTS
2021-06-18 04:00:00+00:00,186.02,186.9436,184.49,185.39,3347773,30075,185.709195,ZTS
2021-06-21 04:00:00+00:00,185.55,187.32,183.66,186.6,1974900,18733,186.497895,ZTS
2021-06-22 04:00:00+00:00,186.53,187.0,185.88,186.62,1410728,20466,186.539149,ZTS
2021-06-23 04:00:00+00:00,186.0,186.55,185.28,186.12,1275867,19066,185.95335,ZTS
2021-06-24 04:00:00+00:00,186.92,187.37,184.98,185.38,1682731,20666,185.940476,ZTS
2021-06-25 04:00:00+00:00,185.5,187.29,184.5,187.23,1991580,18020,186.536589,ZTS
2021-06-28 04:00:00+00:00,187.34,187.93,185.64,187.08,1383695,19800,186.775463,ZTS
2021-06-29 04:00:00+00:00,187.09,188.19,186.09,187.99,851600,15473,187.636616,ZTS
2021-06-30 04:00:00+00:00,188.11,188.53,185.58,186.36,1202117,18115,186.400004,ZTS
2021-07-01 04:00:00+00:00,187.0,189.46,186.61,189.29,1987418,22978,188.747937,ZTS
2021-07-02 04:00:00+00:00,189.87,193.04,189.76,192.7,1764580,21927,192.017984,ZTS
2021-07-06 04:00:00+00:00,191.61,194.33,191.61,194.02,1532625,22379,193.390511,ZTS
2021-07-07 04:00:00+00:00,193.59,197.63,193.3,197.4,2646972,30701,196.550353,ZTS
2021-07-08 04:00:00+00:00,195.8,197.25,193.38,196.96,2812310,25687,196.136817,ZTS
2021-07-09 04:00:00+00:00,197.12,198.3999,196.16,197.5,1517154,22468,197.566847,ZTS
2021-07-12 04:00:00+00:00,197.91,199.3,197.47,198.33,2665357,21162,198.388338,ZTS
2021-07-13 04:00:00+00:00,198.61,200.57,198.2,199.31,2990676,25859,199.345107,ZTS
2021-07-14 04:00:00+00:00,200.06,202.04,199.55,201.28,1787078,24517,201.019819,ZTS
2021-07-15 04:00:00+00:00,200.0,201.28,199.02,200.24,1433416,22655,200.267787,ZTS
2021-07-16 04:00:00+00:00,200.24,200.24,197.55,199.68,1780149,23332,199.215879,ZTS
2021-07-19 04:00:00+00:00,198.47,199.5,195.56,197.83,2057032,32221,197.18381,ZTS
2021-07-20 04:00:00+00:00,198.1,201.45,197.24,200.11,1870853,27840,200.266879,ZTS
2021-07-21 04:00:00+00:00,200.87,200.87,197.11,198.04,1862400,28459,198.210955,ZTS
2021-07-22 04:00:00+00:00,198.53,200.91,198.345,200.54,1486923,19911,199.716692,ZTS
2021-07-23 04:00:00+00:00,201.74,203.94,200.65,203.59,954416,17794,203.125008,ZTS
2021-07-26 04:00:00+00:00,202.61,202.84,200.17,200.82,1117789,21417,200.894077,ZTS
2021-07-27 04:00:00+00:00,201.32,202.695,201.02,201.87,1616839,19528,201.821301,ZTS
2021-07-28 04:00:00+00:00,202.29,203.91,201.59,203.27,1357245,18616,202.813155,ZTS
2021-07-29 04:00:00+00:00,203.98,205.67,203.62,204.12,1112986,21022,204.392982,ZTS
2021-07-30 04:00:00+00:00,203.27,204.2,202.23,202.7,2423256,32442,202.906389,ZTS
2021-08-02 04:00:00+00:00,203.48,204.405,201.3401,202.11,1576632,25015,202.511577,ZTS
2021-08-03 04:00:00+00:00,203.0,204.33,202.27,204.1,2904645,29580,203.471697,ZTS
2021-08-04 04:00:00+00:00,204.17,207.0,203.25,204.79,1822622,30081,205.343695,ZTS
2021-08-05 04:00:00+00:00,198.0,203.97,195.61,203.84,2147157,29612,202.774577,ZTS
2021-08-06 04:00:00+00:00,204.0,204.2,200.13,201.88,1282123,22506,201.319941,ZTS
2021-08-09 04:00:00+00:00,202.37,202.96,198.67,199.72,1235839,21554,199.768281,ZTS
2021-08-10 04:00:00+00:00,200.18,200.88,198.19,198.76,1474871,23734,199.251333,ZTS
2021-08-11 04:00:00+00:00,198.89,199.885,196.96,197.41,1080367,20535,197.682895,ZTS
2021-08-12 04:00:00+00:00,197.5,200.4194,197.18,199.84,830945,17479,199.600958,ZTS
2021-08-13 04:00:00+00:00,200.51,201.61,199.59,201.48,933027,18587,201.008266,ZTS
2021-08-16 04:00:00+00:00,201.61,204.85,201.03,204.78,1035505,18704,203.925766,ZTS
2021-08-17 04:00:00+00:00,204.55,206.72,204.55,206.6,1075439,21986,205.849696,ZTS
2021-08-18 04:00:00+00:00,206.23,206.818,203.16,203.33,1085175,21214,204.607453,ZTS
2021-08-19 04:00:00+00:00,203.01,208.05,202.68,206.44,1121524,21905,206.299786,ZTS
2021-08-20 04:00:00+00:00,206.62,208.26,206.61,207.05,1189921,19912,207.28373,ZTS
2021-08-23 04:00:00+00:00,207.71,208.56,205.99,206.47,1079857,22401,207.114532,ZTS
2021-08-24 04:00:00+00:00,206.09,206.96,204.49,204.99,978517,17178,205.203619,ZTS
2021-08-25 04:00:00+00:00,204.39,205.0799,202.98,204.43,779518,17143,204.318562,ZTS
2021-08-26 04:00:00+00:00,204.8,205.49,203.36,204.02,956137,16472,204.039397,ZTS
2021-08-27 04:00:00+00:00,204.68,206.19,203.2264,203.82,852991,16245,204.422645,ZTS
2021-08-30 04:00:00+00:00,203.82,206.99,203.8,205.89,666846,19133,205.856739,ZTS
2021-08-31 04:00:00+00:00,205.81,206.08,203.08,204.56,1478553,20450,204.507411,ZTS
2021-09-01 04:00:00+00:00,204.56,206.47,203.48,206.44,1028728,18979,205.482155,ZTS
2021-09-02 04:00:00+00:00,207.43,209.26,206.72,209.22,1115233,17650,208.33952,ZTS
2021-09-03 04:00:00+00:00,208.22,210.1,207.15,209.69,1003089,15507,209.416494,ZTS
2021-09-07 04:00:00+00:00,209.48,209.87,205.46,207.81,976191,21747,207.641326,ZTS
2021-09-08 04:00:00+00:00,207.0,209.41,206.5,209.33,827002,17617,208.809221,ZTS
2021-09-09 04:00:00+00:00,209.5,210.0,205.86,206.02,1108584,18306,206.874127,ZTS
2021-09-10 04:00:00+00:00,206.71,207.85,206.34,207.0,1151872,20782,207.095065,ZTS
2021-09-13 04:00:00+00:00,208.55,208.99,202.21,205.0,1404369,28586,204.363516,ZTS
2021-09-14 04:00:00+00:00,205.0,206.5,203.37,203.55,1786953,23789,204.171254,ZTS
2021-09-15 04:00:00+00:00,203.7,205.18,202.37,203.96,1353811,23010,204.085925,ZTS
2021-09-16 04:00:00+00:00,204.03,204.19,201.4,202.77,1643993,21769,202.686068,ZTS
2021-09-17 04:00:00+00:00,202.4,202.53,197.88,198.49,4154572,40758,199.225611,ZTS
2021-09-20 04:00:00+00:00,196.67,199.879,195.7947,198.62,1516873,29910,198.248642,ZTS
2021-09-21 04:00:00+00:00,199.58,201.8,199.14,201.01,1613443,22912,200.926759,ZTS
2021-09-22 04:00:00+00:00,202.48,203.58,200.335,201.35,1667399,36741,201.740328,ZTS
2021-09-23 04:00:00+00:00,202.17,205.98,202.17,204.71,1189617,25421,204.915924,ZTS
2021-09-24 04:00:00+00:00,204.44,205.58,203.76,204.73,1110272,20740,204.694738,ZTS
2021-09-27 04:00:00+00:00,203.76,204.01,196.52,197.8,1960758,27130,198.39688,ZTS
2021-09-28 04:00:00+00:00,196.01,196.25,191.33,192.77,1949696,35751,192.936867,ZTS
2021-09-29 04:00:00+00:00,194.71,196.64,192.59,194.99,1420289,22668,195.070985,ZTS
2021-09-30 04:00:00+00:00,195.94,198.12,194.05,194.14,1759844,25722,195.419925,ZTS
2021-10-01 04:00:00+00:00,194.14,197.7,192.43,196.19,2091609,31448,195.844072,ZTS
2021-10-04 04:00:00+00:00,195.18,195.99,190.93,193.69,1926861,29631,193.299174,ZTS
2021-10-05 04:00:00+00:00,194.29,197.495,193.66,196.46,2486157,26090,195.824988,ZTS
2021-10-06 04:00:00+00:00,195.67,196.07,193.445,195.78,1545910,26438,195.120735,ZTS
2021-10-07 04:00:00+00:00,196.95,201.44,196.95,199.01,1089742,18675,199.674056,ZTS
2021-10-08 04:00:00+00:00,200.0,200.66,196.47,197.88,1081831,14074,198.028018,ZTS
2021-10-11 04:00:00+00:00,197.56,199.1,196.03,197.65,897351,15191,197.819508,ZTS
2021-10-12 04:00:00+00:00,198.89,199.3699,195.77,197.15,1385745,19176,196.927175,ZTS
2021-10-13 04:00:00+00:00,197.81,198.95,195.79,197.46,1213225,21022,197.322921,ZTS
2021-10-14 04:00:00+00:00,198.82,201.77,198.82,200.39,1309078,18825,200.451569,ZTS
2021-10-15 04:00:00+00:00,201.13,202.8,200.12,202.22,1224568,16883,202.148721,ZTS
2021-10-18 04:00:00+00:00,201.98,202.93,200.76,202.73,829642,15386,202.213643,ZTS
2021-10-19 04:00:00+00:00,203.8,206.17,203.715,204.44,802899,17274,204.794709,ZTS
2021-10-20 04:00:00+00:00,205.85,206.61,204.84,206.31,782637,16464,205.970234,ZTS
2021-10-21 04:00:00+00:00,207.08,208.72,205.31,208.62,949229,16856,207.857302,ZTS
2021-10-22 04:00:00+00:00,208.03,209.075,206.84,208.51,1088844,15520,208.158606,ZTS
2021-10-25 04:00:00+00:00,208.81,211.77,207.1,211.52,1207476,21326,210.982087,ZTS
2021-10-26 04:00:00+00:00,210.9,211.74,207.995,210.52,1203731,20236,210.230995,ZTS
2021-10-27 04:00:00+00:00,210.26,211.07,209.0,209.58,1611194,20998,209.794884,ZTS
2021-10-28 04:00:00+00:00,209.84,213.42,209.58,212.67,1064466,20126,212.507301,ZTS
2021-10-29 04:00:00+00:00,213.16,216.915,212.74,216.2,2104998,20654,214.982633,ZTS
2021-11-01 04:00:00+00:00,215.82,217.635,212.96,213.6,1310429,21444,214.110349,ZTS
2021-11-02 04:00:00+00:00,214.76,215.39,211.31,212.2,2759799,26051,213.513675,ZTS
2021-11-03 04:00:00+00:00,211.91,213.0,208.78,211.13,2222428,36906,210.276783,ZTS
2021-11-04 04:00:00+00:00,213.35,217.9,213.0,217.77,1947130,30921,215.779631,ZTS
2021-11-05 04:00:00+00:00,218.0,218.49,214.72,216.73,1727823,30342,216.426911,ZTS
2021-11-08 05:00:00+00:00,218.12,218.389,215.76,217.8,1011134,21031,217.36618,ZTS
2021-11-09 05:00:00+00:00,217.69,220.36,217.36,220.22,1618491,24296,219.358912,ZTS
2021-11-10 05:00:00+00:00,219.46,220.81,216.03,216.58,1329338,26400,217.43244,ZTS
2021-11-11 05:00:00+00:00,216.98,217.32,215.38,215.69,1339755,20476,215.995522,ZTS
2021-11-12 05:00:00+00:00,216.71,217.605,215.42,216.85,1186314,20868,216.788824,ZTS
2021-11-15 05:00:00+00:00,217.15,217.31,215.65,216.06,918505,18275,216.298382,ZTS
2021-11-16 05:00:00+00:00,216.05,221.55,216.05,220.18,1255965,20935,219.946243,ZTS
2021-11-17 05:00:00+00:00,221.0,222.605,217.43,221.87,1346821,22605,221.306265,ZTS
2021-11-18 05:00:00+00:00,224.32,226.33,223.52,225.54,1702894,26540,225.215812,ZTS
2021-11-19 05:00:00+00:00,227.01,228.33,224.2,226.43,1731688,26953,226.384678,ZTS
2021-11-22 05:00:00+00:00,226.7,228.89,224.34,224.34,1655407,26684,225.956989,ZTS
2021-11-23 05:00:00+00:00,223.09,225.31,220.9,223.66,1095115,23150,223.274237,ZTS
2021-11-24 05:00:00+00:00,223.64,224.96,221.07,223.17,1173860,21476,222.558623,ZTS
2021-11-26 05:00:00+00:00,222.27,225.96,218.5,219.32,973710,19917,220.988704,ZTS
2021-11-29 05:00:00+00:00,221.45,225.5582,220.69,223.55,1390440,27099,223.758786,ZTS
2021-11-30 05:00:00+00:00,222.8,226.35,220.5177,222.04,3814054,38248,222.619562,ZTS
2021-12-01 05:00:00+00:00,222.35,224.78,219.25,219.66,2034587,36277,221.308847,ZTS
2021-12-02 05:00:00+00:00,220.0,223.95,219.5,223.19,1696421,28805,222.446588,ZTS
2021-12-03 05:00:00+00:00,224.86,226.11,220.48,223.33,1474488,28573,222.571657,ZTS
2021-12-06 05:00:00+00:00,222.89,224.9999,220.99,222.97,1211107,24058,222.781659,ZTS
2021-12-07 05:00:00+00:00,225.46,227.48,224.025,225.7,1294344,25402,225.642805,ZTS
2021-12-08 05:00:00+00:00,228.0,229.85,226.74,229.62,1439909,23381,228.423605,ZTS
2021-12-09 05:00:00+00:00,229.5,230.99,227.31,230.16,1097643,21072,229.876833,ZTS
2021-12-10 05:00:00+00:00,229.9,231.91,229.24,231.45,1183850,20526,231.126026,ZTS
2021-12-13 05:00:00+00:00,231.55,233.03,229.0,232.36,1160995,21977,231.892122,ZTS
2021-12-14 05:00:00+00:00,230.0,230.99,226.44,228.07,1758624,27781,228.183391,ZTS
2021-12-15 05:00:00+00:00,230.13,232.26,227.18,232.08,1838819,31123,230.02771,ZTS
2021-12-16 05:00:00+00:00,232.12,234.07,230.8,232.81,1537345,28244,232.463011,ZTS
2021-12-17 05:00:00+00:00,232.58,236.4,232.23,234.31,3037517,30731,234.336837,ZTS
2021-12-20 05:00:00+00:00,234.34,234.55,230.15,234.26,1097141,23776,232.92076,ZTS
2021-12-21 05:00:00+00:00,236.0,237.98,232.58,237.64,1507801,28545,236.255115,ZTS
2021-12-22 05:00:00+00:00,238.14,241.7,237.64,241.57,1135930,23474,240.39953,ZTS
2021-12-23 05:00:00+00:00,241.7,244.39,240.69,242.51,1171551,18979,242.881299,ZTS
2021-12-27 05:00:00+00:00,244.39,246.72,243.08,246.51,805031,17310,245.247152,ZTS
2021-12-28 05:00:00+00:00,246.9,247.84,243.635,244.25,1003433,20996,244.79148,ZTS
2021-12-29 05:00:00+00:00,243.64,247.85,243.64,247.03,938381,16991,246.51976,ZTS
2021-12-30 05:00:00+00:00,247.05,249.27,244.96,245.16,859071,19431,245.867484,ZTS
2021-12-31 05:00:00+00:00,245.16,246.99,243.74,244.03,1073337,17605,244.639934,ZTS
2022-01-03 05:00:00+00:00,242.29,243.24,233.32,234.03,2770533,40572,234.921259,ZTS
2022-01-04 05:00:00+00:00,232.92,234.02,222.14,225.12,4663757,72165,225.617959,ZTS
2022-01-05 05:00:00+00:00,227.0,227.0,215.6,216.56,4736922,73868,218.91116,ZTS
2022-01-06 05:00:00+00:00,215.47,220.56,213.625,217.42,3096223,53400,217.803263,ZTS
2022-01-07 05:00:00+00:00,217.13,217.42,210.78,211.09,2204683,35845,212.63981,ZTS
2022-01-10 05:00:00+00:00,208.12,212.6,206.16,212.6,2219656,38666,210.905986,ZTS
2022-01-11 05:00:00+00:00,212.0,213.15,208.235,212.8,2287827,30465,211.958697,ZTS
2022-01-12 05:00:00+00:00,215.08,216.3099,211.16,212.81,2450819,29675,213.007379,ZTS
2022-01-13 05:00:00+00:00,212.47,213.6,206.4,207.0,2339786,33848,208.057402,ZTS
2022-01-14 05:00:00+00:00,206.94,207.4,203.41,206.18,2206562,39506,205.788723,ZTS
2022-01-18 05:00:00+00:00,201.95,204.285,200.33,202.7,2427801,42085,202.539006,ZTS
2022-01-19 05:00:00+00:00,202.84,205.9,200.06,200.58,2152098,34379,202.205034,ZTS
2022-01-20 05:00:00+00:00,201.0,206.25,200.97,201.96,2832067,45365,203.848105,ZTS
2022-01-21 05:00:00+00:00,203.11,203.71,200.28,200.33,2617384,36067,201.209542,ZTS
2022-01-24 05:00:00+00:00,198.05,200.14,191.52,200.07,4012147,59228,196.138687,ZTS
2022-01-25 05:00:00+00:00,197.58,198.66,194.01,195.25,2666618,43803,195.660286,ZTS
2022-01-26 05:00:00+00:00,194.21,196.12,188.7,189.84,4447621,59285,192.007425,ZTS
2022-01-27 05:00:00+00:00,190.34,192.78,187.57,187.66,4586135,63307,189.253296,ZTS
2022-01-28 05:00:00+00:00,188.85,195.58,185.72,195.3,2958438,40759,192.198022,ZTS
2022-01-31 05:00:00+00:00,196.0,200.46,196.0,199.79,2587678,37524,198.773535,ZTS
2022-02-01 05:00:00+00:00,201.36,202.46,196.1036,198.87,2136097,33208,198.268652,ZTS
2022-02-02 05:00:00+00:00,198.49,203.41,198.49,202.17,2491238,34216,201.48129,ZTS
2022-02-03 05:00:00+00:00,198.93,201.99,198.93,200.92,1727741,31885,200.789781,ZTS
2022-02-04 05:00:00+00:00,198.85,201.11,197.6039,199.54,1914918,30753,199.536859,ZTS
2022-02-07 05:00:00+00:00,199.91,201.99,199.52,200.32,3298279,27839,200.725376,ZTS
2022-02-08 05:00:00+00:00,198.88,201.767,197.85,201.3,2875308,37296,200.51786,ZTS
2022-02-09 05:00:00+00:00,203.12,205.305,201.47,202.29,1974370,31338,203.214929,ZTS
2022-02-10 05:00:00+00:00,198.38,202.4,197.67,199.37,2727245,32259,200.004084,ZTS
2022-02-11 05:00:00+00:00,198.58,201.89,197.37,198.87,3541427,45965,199.116174,ZTS
2022-02-14 05:00:00+00:00,197.95,199.32,194.42,196.43,3225846,47903,196.728407,ZTS
2022-02-15 05:00:00+00:00,196.54,201.45,196.54,197.76,3541015,44734,198.630769,ZTS
2022-02-16 05:00:00+00:00,196.48,197.26,191.26,195.09,2837659,35863,194.246783,ZTS
2022-02-17 05:00:00+00:00,195.18,195.555,192.99,193.07,2366533,35865,194.202847,ZTS
2022-02-18 05:00:00+00:00,193.03,193.23,190.42,191.32,2483689,33019,191.622446,ZTS
2022-02-22 05:00:00+00:00,191.04,192.16,188.83,190.1,2264542,27096,190.458675,ZTS
2022-02-23 05:00:00+00:00,190.87,191.245,186.84,187.06,1966483,32623,188.740791,ZTS
2022-02-24 05:00:00+00:00,184.01,191.7,183.02,190.95,2903187,46347,188.868635,ZTS
2022-02-25 05:00:00+00:00,191.48,195.77,191.28,194.71,1604669,28865,194.108271,ZTS
2022-02-28 05:00:00+00:00,192.54,195.498,191.89,193.65,2078966,28456,193.442844,ZTS
2022-03-01 05:00:00+00:00,193.91,195.0,191.32,192.54,1556174,24342,192.94306,ZTS
2022-03-02 05:00:00+00:00,193.28,197.27,193.145,196.07,1273275,25315,196.160205,ZTS
2022-03-03 05:00:00+00:00,197.15,197.29,194.445,195.87,1008683,19070,196.033268,ZTS
2022-03-04 05:00:00+00:00,194.96,196.96,193.46,196.84,1385910,24471,195.718094,ZTS
2022-03-07 05:00:00+00:00,195.23,195.24,187.9,188.09,1716132,32899,189.479154,ZTS
2022-03-08 05:00:00+00:00,185.77,187.35,181.16,181.39,2286943,42001,183.087809,ZTS
2022-03-09 05:00:00+00:00,185.55,190.7,183.81,189.58,2519769,36263,188.57214,ZTS
2022-03-10 05:00:00+00:00,187.39,189.6,186.14,189.22,1934605,30025,188.3922,ZTS
2022-03-11 05:00:00+00:00,189.95,190.2818,185.17,185.29,1513278,24287,186.790202,ZTS
2022-03-14 04:00:00+00:00,186.42,187.26,183.885,184.66,1927668,33563,185.310156,ZTS
2022-03-15 04:00:00+00:00,187.16,189.67,185.63,189.11,1200935,22978,188.132474,ZTS
2022-03-16 04:00:00+00:00,190.7,193.71,187.47,191.92,1970672,29613,191.232807,ZTS
2022-03-17 04:00:00+00:00,192.54,194.655,192.12,193.68,2138165,28965,193.398785,ZTS
2022-03-18 04:00:00+00:00,196.67,197.155,193.3701,195.9,2578368,25865,195.615372,ZTS
2022-03-21 04:00:00+00:00,195.21,196.66,192.4965,194.71,1833717,26733,194.704572,ZTS
2022-03-22 04:00:00+00:00,195.18,197.375,193.355,196.88,2349534,26775,196.490297,ZTS
2022-03-23 04:00:00+00:00,196.05,196.75,190.85,191.23,2077110,29705,191.959875,ZTS
2022-03-24 04:00:00+00:00,192.01,192.34,189.0,189.57,3366578,44426,189.897509,ZTS
2022-03-25 04:00:00+00:00,190.8,191.58,188.15,189.43,2356869,35824,189.286288,ZTS
2022-03-28 04:00:00+00:00,190.23,191.42,187.6,189.37,2995817,44178,189.029732,ZTS
2022-03-29 04:00:00+00:00,192.58,194.6,191.74,192.28,2557437,34788,192.598536,ZTS
2022-03-30 04:00:00+00:00,191.82,192.78,189.58,191.32,2612715,37414,191.14462,ZTS
2022-03-31 04:00:00+00:00,192.45,194.8999,188.49,188.59,2472636,34766,190.479125,ZTS
2022-04-01 04:00:00+00:00,188.77,191.55,186.7,191.11,1822268,31229,190.271149,ZTS
2022-04-04 04:00:00+00:00,191.14,191.98,187.18,188.74,2598402,33713,188.994154,ZTS
2022-04-05 04:00:00+00:00,188.74,190.74,187.69,188.4,2054505,32439,189.037265,ZTS
2022-04-06 04:00:00+00:00,188.16,192.33,186.52,191.38,2838456,39257,189.751933,ZTS
2022-04-07 04:00:00+00:00,191.2,199.34,190.965,197.93,2768357,51901,197.523224,ZTS
2022-04-08 04:00:00+00:00,197.79,201.32,197.59,200.09,2452845,41960,200.219302,ZTS
2022-04-11 04:00:00+00:00,198.97,199.88,192.01,192.5,2249586,36157,194.996868,ZTS
